OrderID,ProductName,loss
CA-2016-108196,"Cubify CubeX 3D Printer Double Head Print",-6599.98
US-2017-168116,"Cubify CubeX 3D Printer Triple Head Print",-3839.99
CA-2014-169019,"GBC DocuBind P400 Electric Binding System",-3701.89
CA-2017-134845,"Lexmark MX611dhe Monochrome Laser Printer",-3399.98
US-2017-122714,"Ibico EPK-21 Electric Binding System",-2929.48
CA-2015-147830,"Cubify CubeX 3D Printer Double Head Print",-2639.99
CA-2017-131254,"Fellowes PB500 Electric Punch Plastic Comb Binding Machine with Manual Bind",-2287.78
CA-2015-116638,"Chromcraft Bull-Nose Wood Oval Conference Tables & Bases",-1862.31
CA-2016-130946,"GBC DocuBind P400 Electric Binding System",-1850.95
CA-2014-145317,"Cisco TelePresence System EX90 Videoconferencing Unit",-1811.08
US-2015-150630,"Riverside Palais Royal Lawyers Bookcase, Royale Cherry Finish",-1665.05
CA-2014-165309,"GBC DocuBind TL300 Electric Binding System",-1480.03
CA-2014-139892,"Lexmark MX611dhe Monochrome Laser Printer",-1359.99
US-2017-120390,"GBC DocuBind P400 Electric Binding System",-1306.55
CA-2017-128363,"GBC DocuBind TL300 Electric Binding System",-1237.85
CA-2015-140025,"Hoover Upright Vacuum With Dirt Cup",-1181.28
CA-2017-152093,"Fellowes PB500 Electric Punch Plastic Comb Binding Machine with Manual Bind",-1143.89
US-2017-148551,"GBC Ibimaster 500 Manual ProClick Binding System",-1141.47
CA-2015-155600,"GBC Ibimaster 500 Manual ProClick Binding System",-1065.37
CA-2017-158379,"Martin Yale Chadless Opener Electric Letter Opener",-1049.34
CA-2015-105571,"GBC DocuBind TL300 Electric Binding System",-1031.54
US-2017-162558,"Chromcraft Bull-Nose Wood Oval Conference Tables & Bases",-1002.78
CA-2017-159100,"Balt Solid Wood Round Tables",-968.88
CA-2015-146262,"Cisco 9971 IP Video Phone Charcoal",-950.40
CA-2014-127299,"HP Designjet T520 Inkjet Large Format Printer - 24" Color"",-944.99
US-2016-157490,"Zebra GK420t Direct Thermal/Thermal Transfer Printer",-938.28
US-2017-165344,"Epson TM-T88V Direct Thermal Printer - Monochrome - Desktop",-935.96
CA-2015-141565,"GBC Ibimaster 500 Manual ProClick Binding System",-913.18
CA-2016-109869,"Bush Advantage Collection Racetrack Conference Table",-814.48
US-2015-103471,"Atlantic Metals Mobile 4-Shelf Bookcases, Custom Colors",-786.74
CA-2016-103982,"High Speed Automatic Electric Letter Opener",-786.01
US-2017-147221,"3.6 Cubic Foot Counter Height Office Refrigerator",-766.01
CA-2016-158099,"GBC Ibimaster 500 Manual ProClick Binding System",-760.98
CA-2016-132479,"GBC ProClick 150 Presentation Binding System",-729.91
CA-2014-148383,"GBC DocuBind 300 Electric Binding Machine",-694.29
CA-2017-142090,"Bush Advantage Collection Racetrack Conference Table",-653.28
US-2016-114013,"Swingline SM12-08 MicroCut Jam Free Shredder",-643.71
CA-2017-118892,"HON 5400 Series Task Chairs for Big and Tall",-630.88
US-2017-110576,"Riverside Furniture Oval Coffee Table, Oval End Table, End Table with Drawer",-619.60
US-2014-115196,"3D Systems Cube Printer, 2nd Generation, White",-572.00
US-2017-124968,"BoxOffice By Design Rectangular and Half-Moon Meeting Room Tables",-566.56
CA-2014-122882,"StarTech.com 10/100 VDSL2 Ethernet Extender Kit",-559.36
US-2014-148838,"Balt Solid Wood Round Tables",-553.65
CA-2016-168032,"Bretford “Just In Time” Height-Adjustable Multi-Task Work Tables",-538.45
CA-2014-126193,"Ibico Hi-Tech Manual Binding System",-533.73
CA-2015-124975,"Hon Rectangular Conference Tables",-525.64
US-2015-155369,"Fellowes PB300 Plastic Comb Binding Machine",-512.15
US-2014-106992,"Lexmark MX611dhe Monochrome Laser Printer",-510.00
CA-2015-119879,"Bevis Oval Conference Table, Walnut",-480.20
CA-2017-159282,"Swingline SM12-08 MicroCut Jam Free Shredder",-479.99
US-2016-100839,"Hon 5100 Series Wood Tables",-465.57
CA-2015-101889,"Riverside Furniture Oval Coffee Table, Oval End Table, End Table with Drawer",-464.70
CA-2017-155075,"GBC DocuBind 300 Electric Binding Machine",-462.86
US-2014-169789,"Ibico Ibimaster 300 Manual Binding System",-459.99
CA-2014-130421,"3.6 Cubic Foot Counter Height Office Refrigerator",-459.61
CA-2017-102204,"Bush Advantage Collection Racetrack Conference Table",-458.15
CA-2014-139892,"Kensington 7 Outlet MasterPiece Power Center",-453.85
US-2017-142573,"Chromcraft 48" x 96"" Racetrack Double Pedestal Table"",-448.90
US-2014-148838,"Bretford Rectangular Conference Table Tops",-447.59
CA-2015-141243,"O'Sullivan Living Dimensions 5-Shelf Bookcases",-437.54
US-2017-117247,"Bevis Oval Conference Table, Walnut",-430.62
CA-2017-161739,"Tenex Antistatic Computer Chair Mats",-427.45
CA-2017-168389,"BoxOffice By Design Rectangular and Half-Moon Meeting Room Tables",-420.00
CA-2017-118773,"GBC ProClick 150 Presentation Binding System",-417.09
CA-2017-136448,"GBC DocuBind TL300 Electric Binding System",-412.62
CA-2014-122336,"Fellowes PB200 Plastic Comb Binding Machine",-407.98
US-2014-134614,"Bevis 44 x 96 Conference Tables",-407.68
CA-2015-164007,"Hoover Shoulder Vac Commercial Portable Vacuum",-393.60
US-2017-118087,"Samsung Galaxy Note 2",-386.39
CA-2017-141117,"O'Sullivan 4-Shelf Bookcase in Odessa Pine",-384.72
CA-2015-169397,"Swingline SM12-08 MicroCut Jam Free Shredder",-383.99
US-2015-108966,"Bretford CR4500 Series Slim Rectangular Table",-383.03
US-2016-105452,"Tenex Chairmat w/ Average Lip, 45" x 53"""",-378.40
US-2017-161935,"Samsung Galaxy S III - 16GB - pebble blue (T-Mobile)",-377.99
CA-2015-162950,"Sauder Forest Hills Library with Doors, Woodland Oak Finish",-376.69
CA-2016-114867,"LG G2",-374.99
US-2015-157154,"Bush Advantage Collection Racetrack Conference Table",-373.30
US-2017-139647,"Bestar Classic Bookcase",-356.96
CA-2016-157749,"Luxo Professional Fluorescent Magnifier Lamp with Clamp-Mount Base",-356.73
CA-2015-139731,"HON 5400 Series Task Chairs for Big and Tall",-350.49
CA-2017-100223,"Deflect-o RollaMat Studded, Beveled Mat for Medium Pile Carpeting",-348.63
CA-2014-159520,"Chromcraft Bull-Nose Wood 48" x 96"" Rectangular Conference Tables"",-347.12
US-2016-146066,"Iceberg OfficeWorks 42" Round Tables"",-339.70
US-2017-117723,"Tennsco Single-Tier Lockers",-337.81
CA-2015-122756,"Lexmark MarkNet N8150 Wireless Print Server",-337.64
CA-2014-169775,"GBC DocuBind 200 Manual Binding Machine",-336.78
US-2014-122959,"GBC DocuBind 300 Electric Binding Machine",-336.63
CA-2016-155530,"Bretford “Just In Time” Height-Adjustable Multi-Task Work Tables",-325.57
CA-2014-146591,"O'Sullivan 4-Shelf Bookcase in Odessa Pine",-320.60
US-2017-119438,"Ibico Hi-Tech Manual Binding System",-320.24
CA-2016-164924,"Brother MFC-9340CDW LED All-In-One Printer, Copier Scanner",-319.19
CA-2016-108987,"Riverside Palais Royal Lawyers Bookcase, Royale Cherry Finish",-317.15
US-2015-101399,"Eldon ClusterMat Chair Mat with Cordless Antistatic Protection",-312.06
US-2016-127334,"Bretford Rectangular Conference Table Tops",-304.67
CA-2016-108196,"GBC Ibimaster 500 Manual ProClick Binding System",-304.39
CA-2016-160241,"Tenex Chairmat w/ Average Lip, 45" x 53"""",-302.72
US-2016-115455,"Bretford CR8500 Series Meeting Room Furniture",-300.74
CA-2017-105851,"Martin Yale Chadless Opener Electric Letter Opener",-299.81
CA-2014-165764,"Hon Racetrack Conference Tables",-299.26
US-2017-134481,"Office Impressions End Table, 20-1/2"H x 24""W x 20""D"",-297.68
CA-2017-107629,"Rubbermaid ClusterMat Chairmats, Mat Size- 66" x 60""",-292.99
CA-2016-162236,"BPI Conference Tables",-292.10
CA-2015-124891,"Bevis Round Bullnose 29" High Table Top"",-290.88
CA-2017-109183,"Okidata C610n Printer",-272.58
CA-2017-154039,"Chromcraft 48" x 96"" Racetrack Double Pedestal Table"",-269.34
US-2016-143819,"Chromcraft Round Conference Tables",-264.92
CA-2016-145261,"Iceberg OfficeWorks 42" Round Tables"",-264.22
CA-2017-162691,"Bady BDG101FRU Card Printer",-264.00
US-2016-141544,"Hon 2090 “Pillow Soft” Series Mid Back Swivel/Tilt Chairs",-258.50
CA-2015-135174,"Cisco Unified IP Phone 7945G VoIP phone",-255.74
CA-2016-118073,"BPI Conference Tables",-255.59
CA-2017-121839,"Apple iPhone 5",-253.43
US-2014-106992,"Xerox WorkCentre 6505DN Laser Multifunction Printer",-252.00
CA-2016-159023,"Okidata B401 Printer",-251.99
CA-2016-143406,"Hoover Commercial Lightweight Upright Vacuum with E-Z Empty Dirt Cup",-251.19
CA-2014-153850,"Samsung Galaxy S4",-250.40
CA-2017-150910,"Bevis Round Bullnose 29" High Table Top"",-249.32
US-2017-100930,"Bretford Rectangular Conference Table Tops",-248.25
CA-2015-104346,"Bevis Rectangular Conference Tables",-248.17
CA-2015-146262,"O'Sullivan 2-Door Barrister Bookcase in Odessa Pine",-244.32
US-2017-152366,"Acco 7-Outlet Masterpiece Power Center, Wihtout Fax/Phone Line Protection",-243.16
CA-2016-130911,"O'Sullivan Living Dimensions 3-Shelf Bookcases",-241.18
US-2017-132059,"Atlantic Metals Mobile 5-Shelf Bookcases, Custom Colors",-240.78
CA-2016-125080,"Chromcraft Bull-Nose Wood 48" x 96"" Rectangular Conference Tables"",-231.41
CA-2017-154760,"Ibico Hi-Tech Manual Binding System",-228.74
CA-2014-142839,"Chromcraft Rectangular Conference Tables",-227.49
CA-2016-168956,"Honeywell Enviracaire Portable Air Cleaner for up to 8 x 10 Room",-225.56
US-2016-110170,"O'Sullivan Plantations 2-Door Library in Landvery Oak",-225.10
CA-2015-113404,"Hon 2090 “Pillow Soft” Series Mid Back Swivel/Tilt Chairs",-219.16
CA-2016-134936,"SAFCO PlanMaster Boards, 60w x 37-1/2d, White Melamine",-218.87
CA-2016-113243,"Bretford “Just In Time” Height-Adjustable Multi-Task Work Tables",-217.05
CA-2014-114181,"Bestar Classic Bookcase",-216.98
CA-2016-129861,"Hon 2111 Invitation Series Corner Table",-213.56
CA-2015-167010,"Bush Heritage Pine Collection 5-Shelf Bookcase, Albany Pine Finish, *Special Order",-211.47
CA-2014-105984,"Samsung Galaxy S III - 16GB - pebble blue (T-Mobile)",-209.99
CA-2014-106229,"Bevis Round Conference Table Top, X-Base",-209.77
US-2015-140200,"Bevis Boat-Shaped Conference Table",-204.45
CA-2016-112697,"Premier Automatic Letter Opener",-204.31
CA-2014-121629,"StarTech.com 10/100 VDSL2 Ethernet Extender Kit",-199.77
US-2014-127978,"O'Sullivan 4-Shelf Bookcase in Odessa Pine",-199.62
CA-2016-130820,"Hon Racetrack Conference Tables",-199.51
US-2017-125647,"Euro Pro Shark Stick Mini Vacuum",-197.58
CA-2016-131289,"Hon 94000 Series Round Tables",-195.48
CA-2016-110898,"Eldon Cleatmat Plus Chair Mats for High Pile Carpets",-194.82
CA-2017-147760,"Hon 5100 Series Wood Tables",-192.05
CA-2015-129217,"Tripp Lite Isotel 8 Ultra 8 Outlet Metal Surge",-191.62
CA-2015-112767,"Balt Split Level Computer Training Table",-188.70
CA-2017-151750,"Tenex Carpeted, Granite-Look or Clear Contemporary Contour Shape Chair Mats",-187.38
CA-2015-105613,"Tripp Lite Isotel 6 Outlet Surge Protector with Fax/Modem Protection",-186.57
CA-2017-127782,"Wilson Electronics DB Pro Signal Booster",-186.16
CA-2017-135937,"KI Adjustable-Height Table",-185.72
CA-2014-145800,"Chromcraft Rectangular Conference Tables",-184.84
CA-2017-116946,"O'Sullivan 2-Shelf Heavy-Duty Bookcases",-183.63
CA-2015-121720,"Hon 2090 “Pillow Soft” Series Mid Back Swivel/Tilt Chairs",-182.64
CA-2015-157133,"Eldon "L"" Workstation Diamond Chairmat"",-182.35
US-2017-141558,"Nortel Meridian M5316 Digital phone",-181.26
US-2017-116701,"Eureka Sanitaire  Commercial Upright",-178.97
CA-2017-163006,"Global Enterprise Series Seating High-Back Swivel/Tilt Chairs",-178.85
CA-2015-153388,"Hon 2111 Invitation Series Corner Table",-175.87
CA-2014-163468,"BPI Conference Tables",-175.26
CA-2017-132290,"Bevis Traditional Conference Table Top, Plinth Base",-173.35
US-2016-160528,"SAFCO Boltless Steel Shelving",-172.73
CA-2014-138317,"Epson Perfection V600 Photo Scanner",-172.49
CA-2014-113880,"Novimex Swivel Fabric Task Chair",-172.12
US-2014-112872,"Chromcraft Bull-Nose Wood 48" x 96"" Rectangular Conference Tables"",-170.80
CA-2016-112697,"GBC VeloBinder Electric Binding Machine",-169.37
CA-2014-103373,"Apple iPhone 5",-168.96
CA-2017-156237,"Lexmark MarkNet N8150 Wireless Print Server",-168.82
CA-2016-127236,"Bush Andora Bookcase, Maple/Graphite Gray Finish",-167.99
CA-2016-140928,"Chromcraft Round Conference Tables",-167.32
CA-2014-168984,"Office Impressions Heavy Duty Welded Shelving & Multimedia Storage Drawers",-167.27
CA-2016-144540,"Eureka The Boss Plus 12-Amp Hard Box Upright Vacuum, Red",-166.39
US-2014-130379,"Harmony Air Purifier",-166.32
US-2015-130512,"SAFCO Commercial Wire Shelving, Black",-165.77
CA-2016-129280,"Cisco 8961 IP Phone Charcoal",-164.95
CA-2017-103478,"Catalog Binders with Expanding Posts",-164.84
US-2015-165512,"Global High-Back Leather Tilter, Burgundy",-163.58
CA-2016-161907,"Premier Automatic Letter Opener",-163.45
US-2015-154389,"LG Exalt",-162.23
CA-2014-133690,"BoxOffice By Design Rectangular and Half-Moon Meeting Room Tables",-161.88
CA-2015-150714,"Fellowes Officeware Wire Shelving",-161.69
US-2016-131611,"Laminate Occasional Tables",-160.30
CA-2016-121223,"Cisco 8x8 Inc. 6753i IP Business Phone System",-157.94
US-2015-168935,"Hon Practical Foundations 30 x 60 Training Table, Light Gray/Charcoal",-157.01
US-2016-150861,"Bevis Traditional Conference Table Top, Plinth Base",-153.35
US-2016-141264,"3.6 Cubic Foot Counter Height Office Refrigerator",-153.20
CA-2015-131338,"KI Conference Tables",-153.12
CA-2017-105991,"Bestar Classic Bookcase",-152.98
CA-2014-137274,"Bush Advantage Collection Racetrack Conference Table",-152.72
CA-2016-154018,"Tenex "The Solids"" Textured Chair Mats"",-150.41
US-2015-138303,"Martin Yale Chadless Opener Electric Letter Opener",-149.91
CA-2016-106950,"Hon Racetrack Conference Tables",-149.63
CA-2016-117590,"Electrix Architect's Clamp-On Swing Arm Lamp, Black",-147.96
CA-2016-162187,"Lesro Round Back Collection Coffee Table, End Table",-147.87
CA-2017-115651,"Belkin F9S820V06 8 Outlet Surge",-146.16
US-2015-120161,"Fellowes Officeware Wire Shelving",-145.52
US-2016-123750,"GBC ProClick 150 Presentation Binding System",-145.35
CA-2017-163160,"GBC VeloBinder Electric Binding Machine",-145.18
CA-2015-104346,"Bush Westfield Collection Bookcases, Dark Cherry Finish",-143.79
CA-2016-164784,"Bevis 44 x 96 Conference Tables",-142.07
CA-2014-143903,"HON 5400 Series Task Chairs for Big and Tall",-140.20
CA-2017-149888,"Bevis Rectangular Conference Tables",-140.14
CA-2016-164770,"Sauder Camden County Collection Library",-137.98
CA-2016-162187,"Office Star - Contemporary Task Swivel chair with Loop Arms, Charcoal",-137.53
CA-2016-143406,"High-Back Leather Manager's Chair",-136.49
CA-2015-146563,"Space Solutions Commercial Steel Shelving",-135.76
CA-2017-142909,"Lesro Round Back Collection Coffee Table, End Table",-135.09
CA-2015-102876,"Samsung Galaxy Note 3",-131.99
CA-2014-134572,"Riverside Furniture Stanwyck Manor Table Series",-131.95
CA-2017-105410,"Jawbone MINI JAMBOX Wireless Bluetooth Speaker",-131.50
US-2017-152380,"BPI Conference Tables",-131.44
US-2014-100853,"Kensington 7 Outlet MasterPiece HOMEOFFICE Power Control Center",-131.12
CA-2014-155887,"Bevis Traditional Conference Table Top, Plinth Base",-130.01
CA-2016-145730,"Office Impressions End Table, 20-1/2"H x 24""W x 20""D"",-127.58
CA-2014-166863,"Safco Industrial Wire Shelving System",-127.37
US-2016-103646,"Kensington 4 Outlet MasterPiece Compact Power Control Center",-126.86
US-2015-122784,"O'Sullivan Cherrywood Estates Traditional Barrister Bookcase",-126.48
CA-2015-137064,"Tennsco Snap-Together Open Shelving Units, Starter Sets and Add-On Units",-125.77
CA-2016-133816,"ClearOne CHATAttach 160 - speaker phone",-124.00
US-2015-118983,"Holmes Replacement Filter for HEPA Air Cleaner, Very Large Room, HEPA Filter",-123.86
CA-2014-142587,"Hon Practical Foundations 30 x 60 Training Table, Light Gray/Charcoal",-122.88
US-2014-148838,"Hon 30" x 60"" Table with Locking Drawer"",-122.78
CA-2015-122210,"Fellowes PB200 Plastic Comb Binding Machine",-122.39
CA-2014-127446,"Bretford CR4500 Series Slim Rectangular Table",-121.87
CA-2015-123456,"Acco 7-Outlet Masterpiece Power Center, Wihtout Fax/Phone Line Protection",-121.58
CA-2014-158281,"Epson TM-T88V Direct Thermal Printer - Monochrome - Desktop",-121.27
CA-2016-157749,"KI Conference Tables",-120.51
CA-2015-164084,"Bretford CR8500 Series Meeting Room Furniture",-120.29
CA-2016-130288,"Bevis Oval Conference Table, Walnut",-120.05
CA-2016-120824,"Global Enterprise Series Seating High-Back Swivel/Tilt Chairs",-119.23
US-2017-133200,"Sauder Mission Library with Doors, Fruitwood Finish",-119.19
CA-2015-146563,"Hon Racetrack Conference Tables",-118.13
CA-2016-155747,"Global Adaptabilities Conference Tables",-118.01
CA-2017-140326,"Bush Birmingham Collection Bookcase, Dark Cherry",-117.88
US-2016-114013,"Polycom CX600 IP Phone VoIP phone",-116.98
CA-2015-129525,"Wilson Jones Elliptical Ring 3 1/2" Capacity Binders",-116.84
US-2015-136476,"GBC DocuBind 300 Electric Binding Machine",-115.72
CA-2016-139157,"Chromcraft Bull-Nose Wood 48" x 96"" Rectangular Conference Tables"",-115.71
US-2016-126893,"Mitel MiVoice 5330e IP Phone",-115.50
CA-2017-113908,"Chromcraft 48" x 96"" Racetrack Double Pedestal Table"",-115.43
US-2016-100720,"GE 2-Jack Phone Line Splitter",-115.35
US-2015-134026,"High-Back Leather Manager's Chair",-114.39
CA-2016-104276,"KI Adjustable-Height Table",-114.35
CA-2015-135251,"O'Sullivan Manor Hill 2-Door Library in Brianna Oak",-114.02
US-2017-169551,"Apple iPhone 5S",-114.00
CA-2017-117457,"Bevis Round Conference Table Top, X-Base",-112.95
US-2015-126753,"Cisco IP Phone 7961G-GE VoIP phone",-112.62
CA-2017-132199,"Bevis 36 x 72 Conference Tables",-112.04
CA-2016-165316,"Zebra GX420t Direct Thermal/Thermal Transfer Printer",-111.50
CA-2014-169775,"Balt Solid Wood Rectangular Table",-110.76
CA-2014-112158,"O'Sullivan Living Dimensions 5-Shelf Bookcases",-110.49
CA-2015-104871,"Office Star - Contemporary Task Swivel chair with Loop Arms, Charcoal",-110.02
CA-2014-126760,"Hon 2090 “Pillow Soft” Series Mid Back Swivel/Tilt Chairs",-109.58
CA-2015-106208,"3M Replacement Filter for Office Air Cleaner for 20' x 33' Room",-108.83
CA-2014-160766,"KI Adjustable-Height Table",-108.33
CA-2014-129938,"Global Wood Trimmed Manager's Task Chair, Khaki",-108.27
US-2014-159926,"Motorola Droid Maxx",-107.99
CA-2017-151750,"SAFCO Boltless Steel Shelving",-107.96
US-2015-134558,"Bretford Rectangular Conference Table Tops",-105.32
US-2017-147669,"Hon Rectangular Conference Tables",-104.67
US-2017-111024,"Bevis Round Conference Table Top, X-Base",-103.99
CA-2015-133445,"Bush Cubix Collection Bookcases, Fully Assembled",-103.86
US-2015-138919,"Riverside Furniture Oval Coffee Table, Oval End Table, End Table with Drawer",-103.27
US-2017-100930,"Bush Advantage Collection Round Conference Table",-102.05
CA-2015-120341,"Catalog Binders with Expanding Posts",-100.92
CA-2015-168746,"Polycom VVX 310 VoIP phone",-100.79
CA-2016-133935,"Global High-Back Leather Tilter, Burgundy",-99.62
CA-2016-168046,"Chromcraft Round Conference Tables",-99.35
CA-2014-164210,"Bevis Rectangular Conference Tables",-99.27
CA-2017-102750,"Chromcraft Bull-Nose Wood Oval Conference Tables & Bases",-99.18
CA-2016-106383,"Atlantic Metals Mobile 2-Shelf Bookcases, Custom Colors",-98.80
CA-2015-133452,"Hon 94000 Series Round Tables",-97.74
CA-2014-166863,"Okidata C331dn Printer",-97.72
CA-2016-163328,"Global Enterprise Series Seating High-Back Swivel/Tilt Chairs",-97.55
US-2017-113992,"Bretford CR4500 Series Slim Rectangular Table",-97.50
US-2014-112914,"O'Sullivan Living Dimensions 5-Shelf Bookcases",-97.23
CA-2017-166695,"Global Geo Office Task Chair, Gray",-97.18
CA-2017-137449,"O'Sullivan Plantations 2-Door Library in Landvery Oak",-96.47
US-2016-157945,"Hon 4700 Series Mobuis Mid-Back Task Chairs with Adjustable Arms",-96.11
CA-2016-108875,"Sensible Storage WireTech Storage Systems",-95.82
CA-2014-134572,"Bush Advantage Collection Round Conference Table",-95.67
US-2015-123918,"C-Line Cubicle Keepers Polyproplyene Holder w/Velcro Back, 8-1/2x11, 25/Bx",-95.25
US-2016-120929,"Balt Solid Wood Rectangular Table",-94.94
CA-2014-121769,"Riverside Furniture Stanwyck Manor Table Series",-94.66
CA-2014-114251,"Tennsco Double-Tier Lockers",-94.51
CA-2014-148915,"Carina Mini System Audio Rack, Model AR050B",-94.33
CA-2014-159835,"Hon Every-Day Series Multi-Task Chairs",-93.99
CA-2015-110891,"Global High-Back Leather Tilter, Burgundy",-93.47
CA-2017-157987,"Bush Advantage Collection Racetrack Conference Table",-93.33
CA-2015-109001,"Samsung Convoy 3",-93.23
CA-2017-153045,"Wilson Electronics DB Pro Signal Booster",-93.08
CA-2015-157322,"Global Wood Trimmed Manager's Task Chair, Khaki",-92.80
US-2017-116659,"Jabra SPEAK 410 Multidevice Speakerphone",-92.70
CA-2017-106432,"Rush Hierlooms Collection Rich Wood Bookcases",-91.76
CA-2017-144680,"Fellowes 8 Outlet Superior Workstation Surge Protector w/o Phone/Fax/Modem Protection",-90.77
CA-2015-119550,"Office Star - Contemporary Task Swivel chair with 2-way adjustable arms, Plum",-90.38
US-2016-100566,"Tenex "The Solids"" Textured Chair Mats"",-90.25
CA-2015-131884,"Polycom SoundStation2 EX Conference phone",-89.09
CA-2017-159793,"Bush Somerset Collection Bookcase",-89.07
CA-2016-119186,"Office Star Flex Back Scooter Chair with White Frame",-88.78
CA-2014-100090,"Hon 2111 Invitation Series Corner Table",-87.94
CA-2014-168984,"Jawbone MINI JAMBOX Wireless Bluetooth Speaker",-87.67
CA-2017-102337,"Global Super Steno Chair",-87.34
CA-2014-120544,"Conquest 14 Commercial Heavy-Duty Upright Vacuum, Collection System, Accessory Kit",-87.15
CA-2015-124800,"SAFCO Boltless Steel Shelving",-86.37
CA-2015-120397,"Belkin 8 Outlet Surge Protector",-85.24
CA-2017-154011,"Chromcraft Bull-Nose Wood Round Conference Table Top, Wood Base",-84.96
CA-2016-148852,"Global Low Back Tilter Chair",-84.82
CA-2014-103849,"Deflect-o EconoMat Studded, No Bevel Mat for Low Pile Carpeting",-84.29
US-2017-132381,"Bevis Boat-Shaped Conference Table",-83.88
CA-2016-120796,"GBC Velobind Prepunched Cover Sets, Regency Series",-83.20
US-2015-130512,"GBC DocuBind P100 Manual Binding Machine",-82.99
CA-2014-103191,"SAFCO Commercial Wire Shelving, Black",-82.88
CA-2016-159912,"O'Sullivan 5-Shelf Heavy-Duty Bookcases",-81.94
CA-2014-122931,"Hon 30" x 60"" Table with Locking Drawer"",-81.85
CA-2017-141425,"Premier Automatic Letter Opener",-81.73
CA-2017-152135,"Geemarc AmpliPOWER60",-81.66
CA-2017-141705,"Hon 2111 Invitation Series Straight Table",-81.31
US-2015-147662,"Google Nexus 5",-81.00
US-2015-122140,"APC 7 Outlet Network SurgeArrest Surge Protector",-80.48
CA-2016-158211,"Avery Arch Ring Binders",-80.18
US-2014-115987,"GBC ProClick Punch Binding System",-79.34
CA-2016-107783,"Safco Value Mate Series Steel Bookcases, Baked Enamel Finish on Steel, Gray",-78.08
US-2017-119816,"Howard Miller 13-3/4" Diameter Brushed Chrome Round Wall Clock"",-77.62
CA-2016-144645,"Deflect-o RollaMat Studded, Beveled Mat for Medium Pile Carpeting",-77.47
US-2016-127971,"Global Wood Trimmed Manager's Task Chair, Khaki",-77.33
CA-2017-157413,"Tennsco Stur-D-Stor Boltless Shelving, 5 Shelves, 24" Deep",-77.13
CA-2017-113453,"Mitel MiVoice 5330e IP Phone",-77.00
CA-2017-130505,"Chromcraft 48" x 96"" Racetrack Double Pedestal Table"",-76.95
CA-2015-122266,"Bretford CR4500 Series Slim Rectangular Table",-76.61
CA-2015-105690,"O'Sullivan Manor Hill 2-Door Library in Brianna Oak",-76.01
CA-2016-129847,"Deflect-o DuraMat Antistatic Studded Beveled Mat for Medium Pile Carpeting",-75.84
CA-2017-147277,"Chromcraft Rectangular Conference Tables",-75.83
US-2017-106551,"Hon Every-Day Series Multi-Task Chairs",-75.19
CA-2014-108273,"Tenex Carpeted, Granite-Look or Clear Contemporary Contour Shape Chair Mats",-74.95
CA-2017-121216,"Acco 6 Outlet Guardian Premium Plus Surge Suppressor",-74.75
CA-2015-149650,"Novimex High-Tech Fabric Mesh Task Chair",-73.82
CA-2016-127243,"Wireless Extenders zBoost YX545 SOHO Signal Booster",-73.71
CA-2015-123092,"GBC DocuBind P50 Personal Binding Machine",-73.58
CA-2015-142237,"Novimex Fabric Task Chair",-73.18
CA-2015-113628,"Office Star - Contemporary Task Swivel chair with Loop Arms, Charcoal",-72.04
US-2016-155173,"Wilson SignalBoost 841262 DB PRO Amplifier Kit",-71.99
US-2017-106663,"Chromcraft Bull-Nose Wood Round Conference Table Top, Wood Base",-71.89
CA-2017-112529,"Bush Andora Conference Table, Maple/Graphite Gray Finish",-71.81
US-2014-105137,"Hewlett-Packard Deskjet F4180 All-in-One Color Ink-jet - Printer / copier / scanner",-71.40
CA-2016-163398,"Acco Smartsocket Color-Coded Six-Outlet AC Adapter Model Surge Protectors",-71.30
CA-2015-131352,"Tenex Traditional Chairmats for Medium Pile Carpet, Standard Lip, 36" x 48"""",-70.96
CA-2014-120411,"Bush Heritage Pine Collection 5-Shelf Bookcase, Albany Pine Finish, *Special Order",-70.49
CA-2014-153976,"Global High-Back Leather Tilter, Burgundy",-70.10
US-2017-164056,"SAFCO PlanMaster Heigh-Adjustable Drafting Table Base, 43w x 30d x 30-37h, Black",-69.89
CA-2015-118738,"KI Conference Tables",-69.47
US-2017-144582,"GBC Linen Binding Covers",-69.40
US-2015-147739,"Tenex Antistatic Computer Chair Mats",-68.39
US-2017-122637,"Premier Elliptical Ring Binder, Black",-68.19
CA-2017-152583,"Bevis Round Conference Table Top, X-Base",-68.13
US-2016-141544,"Aastra 57i VoIP phone",-67.88
CA-2016-135636,"Fellowes Econo/Stor Drawers",-67.85
US-2016-135923,"DMI Eclipse Executive Suite Bookcases",-67.67
CA-2015-168088,"Bush Heritage Pine Collection 5-Shelf Bookcase, Albany Pine Finish, *Special Order",-67.67
CA-2017-117653,"Lesro Round Back Collection Coffee Table, End Table",-67.54
US-2016-103646,"Performers Binder/Pad Holder, Black",-67.27
CA-2014-163468,"Fellowes Stor/Drawer Steel Plus Storage Drawers",-66.80
US-2015-107349,"Wilson Jones Heavy-Duty Casebound Ring Binders with Metal Hinges",-66.51
CA-2017-144491,"Global Leather & Oak Executive Chair, Burgundy",-66.39
CA-2016-105459,"Chromcraft Round Conference Tables",-66.23
CA-2017-162565,"Electrix Halogen Magnifier Lamp",-66.06
US-2017-160836,"Bevis Round Conference Table Top & Single Column Base",-65.85
CA-2017-134194,"Wilson Jones Ledger-Size, Piano-Hinge Binder, 2"",-65.57
CA-2017-115119,"Premium Transparent Presentation Covers, No Pattern/Clear, 8 1/2" x 11"""",-65.15
CA-2014-157924,"Global Enterprise Series Seating High-Back Swivel/Tilt Chairs",-65.04
CA-2014-112326,"SAFCO Boltless Steel Shelving",-64.77
CA-2014-125829,"Bevis Round Conference Table Top, X-Base",-64.54
CA-2014-137589,"Compact Automatic Electric Letter Opener",-64.43
US-2017-155425,"DYMO CardScan Personal V9 Business Card Scanner",-64.00
CA-2016-158778,"Global Comet Stacking Arm Chair",-63.38
CA-2016-136231,"Wilson Jones Ledger-Size, Piano-Hinge Binder, 2"",-63.11
CA-2017-165204,"Tennsco Double-Tier Lockers",-63.01
CA-2014-111451,"Ibico Laser Imprintable Binding System Covers",-62.88
CA-2016-131093,"Safco Industrial Shelving",-62.77
CA-2017-100356,"Belkin 8 Outlet SurgeMaster II Gold Surge Protector",-62.38
CA-2015-100818,"Tenex Traditional Chairmats for Hard Floors, Average Lip, 36" x 48"""",-61.87
CA-2014-145387,"Chromcraft Bull-Nose Wood 48" x 96"" Rectangular Conference Tables"",-60.61
US-2016-166660,"Global Deluxe High-Back Office Chair in Storm",-59.84
CA-2017-134194,"Wilson Jones Legal Size Ring Binders",-59.37
CA-2015-124800,"Lock-Up Easel 'Spel-Binder'",-59.06
CA-2015-141565,"Gould Plastics 18-Pocket Panel Bin, 34w x 5-1/4d x 20-1/2h",-58.87
US-2014-164616,"GBC DocuBind P50 Personal Binding Machine",-58.86
US-2017-147655,"Avery Trapezoid Extra Heavy Duty 4" Binders"",-58.72
CA-2015-144806,"Belkin 19" Vented Equipment Shelf",-58.69
CA-2014-139892,"Space Solutions HD Industrial Steel Shelving.",-58.63
US-2017-167570,"Global Deluxe Steno Chair",-58.50
US-2016-161396,"Bush Andora Conference Table, Maple/Graphite Gray Finish",-58.13
US-2017-133200,"Fellowes Staxonsteel Drawer Files",-57.95
US-2016-158288,"Binding Machine Supplies",-57.76
CA-2017-129490,"Office Star - Contemporary Task Swivel chair with Loop Arms, Charcoal",-57.63
CA-2017-126144,"Polycom SoundPoint Pro SE-225 Corded phone",-57.12
US-2014-141215,"Global Commerce Series High-Back Swivel/Tilt Chairs",-57.00
CA-2017-125199,"Digium D40 VoIP phone",-56.76
CA-2016-159912,"Barricks 18" x 48"" Non-Folding Utility Table with Bottom Storage Shelf"",-56.45
CA-2016-116799,"Office Star - Mid Back Dual function Ergonomic High Back Chair with 2-Way Adjustable Arms",-56.34
CA-2017-123036,"Cisco IP Phone 7961G-GE VoIP phone",-56.31
CA-2017-152926,"Acco 6 Outlet Guardian Premium Plus Surge Suppressor",-56.06
CA-2017-152807,"First Data FD10 PIN Pad",-55.30
CA-2017-166576,"SAFCO Commercial Wire Shelving, Black",-55.26
CA-2017-118402,"Carina Media Storage Towers in Natural & Black",-54.88
CA-2015-168746,"High-Back Leather Manager's Chair",-54.60
CA-2017-137449,"Belkin F9G930V10-GRY 9 Outlet Surge",-54.55
CA-2015-132388,"Global Leather & Oak Executive Chair, Burgundy",-54.32
CA-2017-130526,"GBC Premium Transparent Covers with Diagonal Lined Pattern",-53.71
CA-2014-105417,"Howard Miller 14-1/2" Diameter Chrome Round Wall Clock"",-53.71
US-2017-139969,"Office Star Flex Back Scooter Chair with White Frame",-53.27
CA-2014-169649,"Tripp Lite TLP810NET Broadband Surge for Modem/Fax",-53.01
US-2015-168914,"Fellowes Basic Home/Office Series Surge Protectors",-52.96
CA-2016-145303,"Sauder Camden County Collection Libraries, Planked Cherry Finish",-52.89
US-2015-155369,"Fellowes Premier Superior Surge Suppressor, 10-Outlet, With Phone and Remote",-52.83
CA-2017-151799,"Bretford Rectangular Conference Table Tops",-52.66
US-2017-160465,"Dexim XPower Skin Super-Thin Power Case for iPhone 5 - Black",-52.64
CA-2014-138023,"GBC Durable Plastic Covers",-52.63
CA-2017-144498,"Wilson Jones Century Plastic Molded Ring Binders",-52.55
CA-2017-168739,"Eldon Executive Woodline II Cherry Finish Desk Accessories",-52.34
US-2014-123519,"Hon Rectangular Conference Tables",-52.34
US-2015-122784,"Atlantic Metals Mobile 3-Shelf Bookcases, Custom Colors",-52.20
CA-2014-150798,"Hon Multipurpose Stacking Arm Chairs",-51.98
US-2016-135720,"Tennsco Regal Shelving Units",-51.72
US-2014-147774,"GBC DocuBind TL200 Manual Binding Machine",-51.52
CA-2014-165764,"Tenex Antistatic Computer Chair Mats",-51.29
US-2016-152051,"Gould Plastics 9-Pocket Panel Bin, 18-3/8w x 5-1/4d x 20-1/2h, Black",-50.87
US-2014-115189,"ClearSounds CSC500 Amplified Spirit Phone Corded phone",-50.39
CA-2015-163965,"Ibico Laser Imprintable Binding System Covers",-50.30
CA-2014-128209,"DMI Eclipse Executive Suite Bookcases",-50.10
US-2016-156097,"Global Troy Executive Leather Low-Back Tilter",-50.10
CA-2014-120852,"Belkin Premiere Surge Master II 8-outlet surge protector",-49.55
CA-2016-136770,"Cisco Unified IP Phone 7945G VoIP phone",-49.44
US-2017-119662,"Safco Industrial Wire Shelving",-48.95
CA-2017-166142,"Hon 2111 Invitation Series Straight Table",-48.78
CA-2016-110772,"Bush Westfield Collection Bookcases, Medium Cherry Finish",-48.70
US-2017-120418,"Fellowes Officeware Wire Shelving",-48.51
US-2017-118087,"Global Low Back Tilter Chair",-48.47
CA-2015-124800,"GBC VeloBinder Electric Binding Machine",-48.39
US-2017-166611,"Canvas Sectional Post Binders",-48.12
CA-2017-111717,"Hon Comfortask Task/Swivel Chairs",-47.87
CA-2017-149895,"Samsung Galaxy Note 2",-47.40
US-2016-168620,"Tennsco Double-Tier Lockers",-47.25
CA-2016-134334,"Bevis Boat-Shaped Conference Table",-47.18
CA-2017-121790,"Balt Split Level Computer Training Table",-47.18
CA-2016-142594,"Chromcraft Round Conference Tables",-47.06
CA-2016-133669,"Panasonic KX TS208W Corded phone",-47.03
CA-2015-141810,"GBC Premium Transparent Covers with Diagonal Lined Pattern",-47.00
CA-2015-117415,"Atlantic Metals Mobile 3-Shelf Bookcases, Custom Colors",-46.98
CA-2014-103702,"Premier Elliptical Ring Binder, Black",-46.88
CA-2016-158099,"Cisco SPA301",-46.80
US-2014-138758,"Global High-Back Leather Tilter, Burgundy",-46.74
CA-2017-164042,"Acco 6 Outlet Guardian Premium Plus Surge Suppressor",-46.72
CA-2016-145177,"GBC Twin Loop Wire Binding Elements",-46.59
US-2017-154872,"Premium Transparent Presentation Covers, No Pattern/Clear, 8 1/2" x 11"""",-46.54
CA-2017-131254,"Global Wood Trimmed Manager's Task Chair, Khaki",-46.40
US-2014-103905,"Acco D-Ring Binder w/DublLock",-46.39
CA-2015-161263,"GBC Velobind Prepunched Cover Sets, Regency Series",-46.22
US-2015-131359,"Lexmark S315 Color Inkjet Printer",-46.00
US-2017-108014,"Lock-Up Easel 'Spel-Binder'",-45.93
CA-2014-138177,"Hon 2111 Invitation Series Straight Table",-45.83
US-2017-169551,"O'Sullivan 3-Shelf Heavy-Duty Bookcases",-45.35
US-2015-168704,"Iceberg OfficeWorks 42" Round Tables"",-45.29
CA-2017-147767,"Vinyl Sectional Post Binders",-45.24
CA-2014-123498,"Satellite Sectional Post Binders",-44.28
CA-2017-118885,"Global High-Back Leather Tilter, Burgundy",-44.28
CA-2017-111220,"Belkin 19" Center-Weighted Shelf",-44.24
CA-2016-119865,"O'Sullivan Living Dimensions 5-Shelf Bookcases",-44.20
US-2014-160444,"Gould Plastics 18-Pocket Panel Bin, 34w x 5-1/4d x 20-1/2h",-44.16
US-2016-148901,"GBC DocuBind P50 Personal Binding Machine",-44.15
CA-2014-166471,"Jawbone MINI JAMBOX Wireless Bluetooth Speaker",-43.83
CA-2017-128944,"Global Ergonomic Managers Chair",-43.44
CA-2015-128608,"GE 30524EE4",-43.12
CA-2014-168312,"Bevis Round Conference Room Tables and Bases",-43.03
CA-2017-112004,"Compact Automatic Electric Letter Opener",-42.95
US-2017-142573,"High-Back Leather Manager's Chair",-42.90
CA-2015-101868,"Green Canvas Binder for 8-1/2" x 14"" Sheets"",-42.80
CA-2015-154823,"Global Commerce Series High-Back Swivel/Tilt Chairs",-42.75
US-2017-117247,"Hon 61000 Series Interactive Training Tables",-42.65
CA-2014-139598,"Sensible Storage WireTech Storage Systems",-42.59
US-2014-102631,"Howard Miller 12-3/4 Diameter Accuwave DS  Wall Clock",-42.49
CA-2017-126123,"GBC Twin Loop Wire Binding Elements, 9/16" Spine",-42.46
CA-2017-135692,"Sauder Barrister Bookcases",-42.11
CA-2017-169894,"Fellowes Bankers Box Staxonsteel Drawer File/Stacking System",-41.59
US-2016-114013,"Ibico EB-19 Dual Function Manual Binding System",-41.52
US-2017-119438,"Howard Miller 13-1/2" Diameter Rosebrook Wall Clock"",-41.26
US-2014-159926,"Fellowes PB200 Plastic Comb Binding Machine",-40.80
CA-2015-111395,"GBC Recycled Regency Composition Covers",-40.65
CA-2017-122700,"Motorola L804",-40.47
CA-2015-104948,"O'Sullivan Living Dimensions 3-Shelf Bookcases",-40.20
CA-2016-118969,"Premier Elliptical Ring Binder, Black",-40.18
CA-2014-163867,"Contract Clock, 14"",-40.00
US-2017-124779,"Global Armless Task Chair, Royal Blue",-39.64
CA-2017-137449,"Bevis Round Conference Table Top & Single Column Base",-39.51
US-2014-158057,"GBC Prestige Therm-A-Bind Covers",-39.46
CA-2017-102337,"Belkin 19" Vented Equipment Shelf",-39.12
CA-2014-166086,"Balt Split Level Computer Training Table",-38.85
CA-2017-151750,"Fellowes Superior 10 Outlet Split Surge Protector",-38.82
CA-2016-150483,"Global Highback Leather Tilter in Burgundy",-38.22
CA-2017-135076,"Global Wood Trimmed Manager's Task Chair, Khaki",-38.21
US-2014-161305,"Avery Trapezoid Ring Binder, 3" Capacity",-38.11
CA-2014-119151,"Sauder Camden County Collection Libraries, Planked Cherry Finish",-37.94
CA-2016-132066,"Chromcraft Rectangular Conference Tables",-37.92
CA-2014-140228,"Carina Mini System Audio Rack, Model AR050B",-37.73
CA-2015-136469,"Lesro Sheffield Collection Coffee Table, End Table, Center Table, Corner Table",-37.11
CA-2017-165386,"O'Sullivan Elevations Bookcase, Cherry Finish",-36.67
CA-2015-129896,"Eldon "L"" Workstation Diamond Chairmat"",-36.47
CA-2016-163594,"Global Geo Office Task Chair, Gray",-36.44
CA-2015-163965,"O'Sullivan Living Dimensions 2-Shelf Bookcases",-36.29
CA-2014-101931,"O'Sullivan Living Dimensions 2-Shelf Bookcases",-36.29
CA-2015-168746,"Nortel Meridian M5316 Digital phone",-36.25
CA-2017-154907,"Bush Mission Pointe Library",-36.24
CA-2017-137624,"Global Leather & Oak Executive Chair, Burgundy",-36.21
CA-2016-152555,"Global Leather Highback Executive Chair with Pneumatic Height Adjustment, Black",-36.18
CA-2015-133585,"Atlantic Metals Mobile 5-Shelf Bookcases, Custom Colors",-36.12
US-2014-118486,"KI Adjustable-Height Table",-36.11
US-2017-155425,"Case Logic 2.4GHz Wireless Keyboard",-35.99
CA-2014-136742,"Large Capacity Hanging Post Binders",-35.93
CA-2015-118423,"Sauder Inglewood Library Bookcases",-35.91
CA-2016-134222,"GBC Standard Therm-A-Bind Covers",-35.88
CA-2016-149272,"GBC Pre-Punched Binding Paper, Plastic, White, 8-1/2" x 11"""",-35.82
CA-2017-134404,"AT&T 1080 Corded phone",-35.62
CA-2014-148040,"Office Star - Mesh Screen back chair with Vinyl seat",-35.36
US-2017-105830,"Tennsco Industrial Shelving",-35.22
US-2014-160444,"Fellowes Bankers Box Stor/Drawer Steel Plus",-35.18
CA-2014-138450,"Eldon Base for stackable storage shelf, platinum",-35.05
CA-2014-105984,"Global Executive Mid-Back Manager's Chair",-34.92
CA-2016-109869,"Premier Electric Letter Opener",-34.76
CA-2017-121293,"Bush Cubix Conference Tables, Fully Assembled",-34.65
US-2016-159856,"Global Deluxe Steno Chair",-34.64
CA-2016-146206,"KI Adjustable-Height Table",-34.39
CA-2017-101049,"Deluxe Heavy-Duty Vinyl Round Ring Binder",-34.38
CA-2014-114251,"Tenex Antistatic Computer Chair Mats",-34.20
CA-2017-101322,"Novimex Turbo Task Chair",-34.07
CA-2015-117884,"Iris 3-Drawer Stacking Bin, Black",-33.84
CA-2016-114727,"Fellowes Strictly Business Drawer File, Letter/Legal Size",-33.80
CA-2015-154284,"Howard Miller 11-1/2" Diameter Grantwood Wall Clock"",-33.64
CA-2017-148404,"Performers Binder/Pad Holder, Black",-33.64
CA-2017-155089,"Premier Elliptical Ring Binder, Black",-33.48
US-2016-160528,"WD My Passport Ultra 2TB Portable External Hard Drive",-33.32
CA-2017-112809,"Acco D-Ring Binder w/DublLock",-33.14
CA-2016-108987,"Contico 72"H Heavy-Duty Storage System"",-32.78
CA-2017-141992,"Safco Industrial Wire Shelving",-32.64
CA-2015-139094,"Hon 2111 Invitation Series Straight Table",-32.52
CA-2016-146010,"GBC Durable Plastic Covers",-32.51
CA-2017-102610,"iOttie XL Car Mount",-32.38
CA-2017-135650,"Fellowes Officeware Wire Shelving",-32.34
US-2016-126844,"Contemporary Wood/Metal Frame",-32.32
CA-2017-150959,"Deluxe Heavy-Duty Vinyl Round Ring Binder",-32.09
CA-2016-142398,"Hon Comfortask Task/Swivel Chairs",-31.91
CA-2016-167605,"Eldon Delta Triangular Chair Mat, 52" x 58""",-31.86
CA-2014-149958,"GBC VeloBinder Manual Binding System",-31.67
CA-2015-152891,"Balt Solid Wood Rectangular Table",-31.65
CA-2014-102869,"Polycom SoundPoint IP 450 VoIP phone",-31.62
CA-2015-119627,"First Data FD10 PIN Pad",-31.60
US-2015-156496,"OtterBox Commuter Series Case - Samsung Galaxy S4",-31.49
US-2016-128902,"Chromcraft Round Conference Tables",-31.37
CA-2017-156622,"Lesro Round Back Collection Coffee Table, End Table",-31.03
CA-2017-154109,"Global Wood Trimmed Manager's Task Chair, Khaki",-30.93
CA-2015-135391,"Dana Fluorescent Magnifying Lamp, White, 36""",-30.59
CA-2016-118129,"Eldon "L"" Workstation Diamond Chairmat"",-30.39
CA-2014-163468,"Hon 4-Shelf Metal Bookcases",-30.29
CA-2017-140963,"O'Sullivan Living Dimensions 2-Shelf Bookcases",-30.24
CA-2014-125542,"Fellowes Bankers Box Recycled Super Stor/Drawer",-30.23
CA-2016-145261,"Vinyl Sectional Post Binders",-30.16
CA-2015-168207,"O'Sullivan Living Dimensions 3-Shelf Bookcases",-30.15
CA-2017-144491,"Atlantic Metals Mobile 5-Shelf Bookcases, Custom Colors",-30.10
CA-2016-144344,"Large Capacity Hanging Post Binders",-29.94
US-2014-119137,"Microsoft Natural Keyboard Elite",-29.94
CA-2016-114972,"Global Deluxe High-Back Office Chair in Storm",-29.92
US-2017-133312,"DMI Eclipse Executive Suite Bookcases",-29.61
CA-2016-103919,"Eldon Expressions Desk Accessory, Wood Photo Frame, Mahogany",-29.51
US-2015-153500,"Eldon Antistatic Chair Mats for Low to Medium Pile Carpets",-29.48
CA-2017-120705,"Gould Plastics 18-Pocket Panel Bin, 34w x 5-1/4d x 20-1/2h",-29.44
US-2014-155894,"Belkin 19" Vented Equipment Shelf",-29.34
US-2016-161844,"Hon 61000 Series Interactive Training Tables",-29.32
CA-2016-152289,"Hon Deluxe Fabric Upholstered Stacking Chairs",-29.28
US-2015-125374,"Global Deluxe Steno Chair",-29.25
CA-2015-108259,"Poly Designer Cover & Back",-29.24
CA-2017-156237,"Office Star - Ergonomically Designed Knee Chair",-29.15
CA-2015-130848,"Global Highback Leather Tilter in Burgundy",-29.12
CA-2016-145177,"Maxell 4.7GB DVD-RW 3/Pack",-29.07
CA-2017-169404,"Tuf-Vin Binders",-29.05
US-2017-118556,"Global Value Mid-Back Manager's Chair, Gray",-29.01
US-2017-121251,"Sauder Forest Hills Library with Doors, Woodland Oak Finish",-28.98
CA-2017-108574,"Motorola HK250 Universal Bluetooth Headset",-28.97
CA-2015-163181,"Fellowes Recycled Storage Drawers",-28.87
US-2016-100720,"Mophie Juice Pack Helium for iPhone",-28.80
CA-2015-143147,"Novimex Swivel Fabric Task Chair",-28.69
CA-2017-160423,"GBC Recycled VeloBinder Covers",-28.63
US-2016-153815,"High-Back Leather Manager's Chair",-28.60
CA-2017-122539,"Global Commerce Series High-Back Swivel/Tilt Chairs",-28.50
US-2016-114013,"Space Solutions Industrial Galvanized Steel Shelving.",-28.37
CA-2014-124429,"KI Conference Tables",-28.36
US-2015-145436,"Global Low Back Tilter Chair",-28.27
CA-2017-119284,"Barricks 18" x 48"" Non-Folding Utility Table with Bottom Storage Shelf"",-28.22
CA-2015-104129,"Barricks 18" x 48"" Non-Folding Utility Table with Bottom Storage Shelf"",-28.22
US-2016-152051,"GBC Wire Binding Strips",-27.93
CA-2017-113481,"Cisco CP-7937G Unified IP Conference Station Phone",-27.83
US-2017-110646,"GBC Velobind Prepunched Cover Sets, Regency Series",-27.74
CA-2015-161263,"Plantronics 81402",-27.72
US-2016-141544,"GBC Premium Transparent Covers with Diagonal Lined Pattern",-27.69
US-2017-136679,"V7 USB Numeric Keypad",-27.29
CA-2017-113873,"Bush Westfield Collection Bookcases, Fully Assembled",-27.26
CA-2016-159940,"Flat Face Poster Frame",-27.13
CA-2015-114923,"JBL Micro Wireless Portable Bluetooth Speaker",-27.00
CA-2014-169019,"Microsoft Natural Keyboard Elite",-26.95
US-2015-156867,"Logitech K350 2.4Ghz Wireless Keyboard",-26.88
CA-2017-107629,"Howard Miller 13" Diameter Goldtone Round Wall Clock"",-26.76
CA-2016-140641,"Canvas Sectional Post Binders",-26.73
CA-2015-120901,"Fellowes Stor/Drawer Steel Plus Storage Drawers",-26.72
CA-2017-151750,"Office Star - Contemporary Task Swivel Chair",-26.64
US-2016-129469,"Rubbermaid ClusterMat Chairmats, Mat Size- 66" x 60""",-26.64
CA-2016-133872,"GBC Twin Loop Wire Binding Elements",-26.62
CA-2015-116484,"Belkin 19" Center-Weighted Shelf",-26.54
US-2017-162558,"Lock-Up Easel 'Spel-Binder'",-26.25
CA-2016-126627,"Wilson Jones Ledger-Size, Piano-Hinge Binder, 2"",-26.23
CA-2016-101693,"Eldon Executive Woodline II Cherry Finish Desk Accessories",-26.17
CA-2017-121293,"Fellowes Bankers Box Staxonsteel Drawer File/Stacking System",-25.99
CA-2014-123295,"Office Star - Ergonomically Designed Knee Chair",-25.91
US-2015-156867,"Avery Trapezoid Ring Binder, 3" Capacity",-25.82
CA-2014-103989,"Avery Flip-Chart Easel Binder, Black",-25.74
CA-2017-154732,"Avery Recycled Flexi-View Covers for Binding Systems",-25.65
US-2017-155425,"Cardinal EasyOpen D-Ring Binders",-25.59
CA-2017-160122,"Global Highback Leather Tilter in Burgundy",-25.48
CA-2017-104850,"Global Wood Trimmed Manager's Task Chair, Khaki",-25.47
CA-2015-118955,"Office Star - Contemporary Swivel Chair with Padded Adjustable Arms and Flex Back",-25.38
CA-2017-111556,"Sauder Camden County Collection Libraries, Planked Cherry Finish",-25.30
CA-2015-162621,"Acco Flexible ACCOHIDE Square Ring Data Binder, Dark Blue, 11 1/2" X 14"" 7/8"""",-25.22
CA-2017-157469,"OtterBox Commuter Series Case - iPhone 5 & 5s",-25.20
CA-2017-110821,"Safco Industrial Shelving",-25.11
CA-2016-167507,"Avery 3 1/2" Diskette Storage Pages",-25.06
US-2015-126977,"DMI Eclipse Executive Suite Bookcases",-25.05
US-2016-149790,"Avery Arch Ring Binders",-25.00
US-2016-128909,"Luxo Professional Magnifying Clamp-On Fluorescent Lamps",-24.96
CA-2014-139892,"SAFCO Arco Folding Chair",-24.86
US-2016-148110,"Situations Contoured Folding Chairs, 4/Set",-24.84
US-2014-117744,"Deflect-o SuperTray Unbreakable Stackable Tray, Letter, Black",-24.80
CA-2017-103765,"Holmes Replacement Filter for HEPA Air Cleaner, Very Large Room, HEPA Filter",-24.77
US-2017-124926,"Hoover Commercial Soft Guard Upright Vacuum And Disposable Filtration Bags",-24.71
US-2016-137295,"XtraLife ClearVue Slant-D Ring Binder, White, 3""",-24.66
CA-2014-111451,"Eldon ClusterMat Chair Mat with Cordless Antistatic Protection",-24.56
CA-2016-129686,"SAFCO Commercial Wire Shelving, 72h",-24.50
CA-2016-143714,"Avaya 5410 Digital phone",-24.48
CA-2016-138695,"Novimex Fabric Task Chair",-24.39
US-2014-110674,"Global Geo Office Task Chair, Gray",-24.29
CA-2016-140018,"Texas Instrument TI-15 Fraction Calculator",-24.28
CA-2015-131884,"Global Low Back Tilter Chair",-24.24
US-2014-130379,"Electrix Incandescent Magnifying Lamp, Black",-24.19
CA-2016-109827,"KI Conference Tables",-24.10
CA-2015-119879,"Logitech B530 USB Headset - headset - Full size, Binaural",-24.04
CA-2014-151162,"Large Capacity Hanging Post Binders",-23.95
CA-2016-131296,"Bush Andora Conference Table, Maple/Graphite Gray Finish",-23.94
CA-2017-165757,"Wilson Jones Century Plastic Molded Ring Binders",-23.89
CA-2014-115336,"GBC White Gloss Covers, Plain Front",-23.89
CA-2017-156895,"Global Armless Task Chair, Royal Blue",-23.78
CA-2017-103499,"Office Star - Mesh Screen back chair with Vinyl seat",-23.58
CA-2017-126123,"Catalog Binders with Expanding Posts",-23.55
US-2016-134908,"Eldon Base for stackable storage shelf, platinum",-23.36
CA-2017-142622,"Global Super Steno Chair",-23.04
CA-2014-105165,"Riverside Furniture Oval Coffee Table, Oval End Table, End Table with Drawer",-22.95
CA-2017-114524,"SlimView Poly Binder, 3/8""",-22.90
CA-2014-140858,"GBC Recycled Grain Textured Covers",-22.80
CA-2016-125661,"V7 USB Numeric Keypad",-22.74
CA-2017-151750,"Pressboard Covers with Storage Hooks, 9 1/2" x 11""",-22.68
CA-2014-131009,"Fellowes Bankers Box Recycled Super Stor/Drawer",-22.67
US-2015-100531,"Vinyl Sectional Post Binders",-22.62
US-2017-160465,"Vinyl Sectional Post Binders",-22.62
CA-2017-139311,"Fellowes Twister Kit, Gray/Clear, 3/pkg",-22.51
US-2015-157014,"Acco D-Ring Binder w/DublLock",-22.45
CA-2017-117443,"Wilson Jones International Size A4 Ring Binders",-22.14
CA-2016-124793,"Global High-Back Leather Tilter, Burgundy",-22.14
US-2016-112977,"O'Sullivan Living Dimensions 5-Shelf Bookcases",-22.10
CA-2017-142867,"GBC Plasticlear Binding Covers",-22.04
CA-2014-131947,"Plantronics Single Ear Headset",-21.94
CA-2014-142965,"Ibico Plastic Spiral Binding Combs",-21.89
CA-2014-101602,"Lifetime Advantage Folding Chairs, 4/Carton",-21.81
CA-2016-140081,"JM Magazine Binder",-21.79
CA-2016-121370,"Global Ergonomic Managers Chair",-21.72
CA-2016-145303,"Angle-D Binders with Locking Rings, Label Holders",-21.68
US-2016-150567,"GBC Prepunched Paper, 19-Hole, for Binding Systems, 24-lb",-21.61
CA-2014-160157,"Eldon Cleatmat Plus Chair Mats for High Pile Carpets",-21.47
CA-2015-128608,"LG Electronics Tone+ HBS-730 Bluetooth Headset",-21.42
US-2017-123834,"Hon 61000 Series Interactive Training Tables",-21.33
US-2017-166324,"Tennsco 6- and 18-Compartment Lockers",-21.21
CA-2015-157812,"XtraLife ClearVue Slant-D Ring Binders by Cardinal",-21.17
CA-2017-113481,"Avery Recycled Flexi-View Covers for Binding Systems",-21.16
US-2017-149510,"GBC Pre-Punched Binding Paper, Plastic, White, 8-1/2" x 11"""",-21.11
CA-2016-124590,"Global Leather and Oak Executive Chair, Black",-21.07
US-2017-131961,"iHome FM Clock Radio with Lightning Dock",-21.00
CA-2016-109869,"Poly Designer Cover & Back",-20.89
US-2017-163300,"Global Deluxe Steno Chair",-20.78
CA-2015-119690,"GE General Use Halogen Bulbs, 100 Watts, 1 Bulb per Pack",-20.73
CA-2015-130785,"Sauder Camden County Collection Libraries, Planked Cherry Finish",-20.70
US-2017-127341,"GBC Clear Cover, 8-1/2 x 11, unpunched, 25 covers per pack",-20.62
US-2014-134971,"Wilson Jones Century Plastic Molded Ring Binders",-20.56
US-2016-168620,"GBC Linen Binding Covers",-20.45
CA-2017-109757,"GBC Recycled VeloBinder Covers",-20.45
CA-2015-130792,"Holmes Odor Grabber",-20.33
CA-2016-148208,"Panasonic Kx-TS550",-20.24
CA-2017-146024,"Wilson Jones Leather-Like Binders with DublLock Round Rings",-20.17
CA-2014-122931,"Hon 4060 Series Tables",-20.15
US-2016-131611,"Premium Transparent Presentation Covers by GBC",-20.14
US-2016-156986,"i.Sound Portable Power - 8000 mAh",-20.14
CA-2015-101091,"GBC White Gloss Covers, Plain Front",-19.98
CA-2016-146934,"Bevis 36 x 72 Conference Tables",-19.92
CA-2014-166863,"Hon Metal Bookcases, Black",-19.87
CA-2014-126200,"Square Ring Data Binders, Rigid 75 Pt. Covers, 11" x 14-7/8"""",-19.81
CA-2014-162866,"DAX Wood Document Frame",-19.77
US-2015-129637,"Howard Miller 11-1/2" Diameter Ridgewood Wall Clock"",-19.74
CA-2016-166240,"Holmes HEPA Air Purifier",-19.60
US-2015-159982,"Belkin 19" Vented Equipment Shelf",-19.56
CA-2014-114517,"Hon 61000 Series Interactive Training Tables",-19.55
CA-2016-144764,"Okidata C610n Printer",-19.47
CA-2016-158778,"Global Value Mid-Back Manager's Chair, Gray",-19.34
CA-2017-104864,"Tennsco Commercial Shelving",-19.32
US-2014-161613,"Hon 4070 Series Pagoda Round Back Stacking Chairs",-19.26
CA-2014-103492,"GBC Personal VeloBind Strips",-19.17
CA-2015-130792,"GBC Twin Loop Wire Binding Elements, 9/16" Spine",-18.87
CA-2016-162404,"GBC Laser Imprintable Binding System Covers, Desert Sand",-18.84
US-2017-133200,"Avery Durable Poly Binders",-18.80
US-2014-150574,"Belkin QODE FastFit Bluetooth Keyboard",-18.58
US-2014-141215,"Lesro Sheffield Collection Coffee Table, End Table, Center Table, Corner Table",-18.56
US-2017-108245,"Insertable Tab Post Binder Dividers",-18.53
US-2015-150161,"GBC Premium Transparent Covers with Diagonal Lined Pattern",-18.46
CA-2016-130484,"GBC Imprintable Covers",-18.45
CA-2017-117457,"Novimex High-Tech Fabric Mesh Task Chair",-18.45
CA-2014-105417,"Acco Four Pocket Poly Ring Binder with Label Holder, Smoke, 1""",-18.25
US-2014-159611,"Eldon "L"" Workstation Diamond Chairmat"",-18.24
CA-2016-119963,"Global Value Steno Chair, Gray",-18.22
US-2015-134026,"Safco Industrial Wire Shelving System",-18.20
CA-2017-152702,"Global Stack Chair without Arms, Black",-18.19
CA-2016-125017,"Deflect-o EconoMat Studded, No Bevel Mat for Low Pile Carpeting",-18.18
CA-2014-154599,"O'Sullivan Living Dimensions 2-Shelf Bookcases",-18.15
CA-2017-113355,"DMI Arturo Collection Mission-style Design Wood Chair",-18.12
CA-2014-102295,"Global Leather & Oak Executive Chair, Burgundy",-18.11
US-2016-152051,"Global Leather Highback Executive Chair with Pneumatic Height Adjustment, Black",-18.09
CA-2015-130183,"Atlantic Metals Mobile 5-Shelf Bookcases, Custom Colors",-18.06
CA-2017-156237,"Ricoh - Ink Collector Unit for GX3000 Series Printers",-18.04
CA-2014-119144,"OtterBox Commuter Series Case - Samsung Galaxy S4",-17.99
CA-2016-164154,"GBC Standard Therm-A-Bind Covers",-17.94
CA-2016-130393,"Situations Contoured Folding Chairs, 4/Set",-17.74
CA-2017-164168,"Eldon Expressions Desk Accessory, Wood Photo Frame, Mahogany",-17.71
CA-2017-100223,"Cardinal HOLDit! Binder Insert Strips,Extra Strips",-17.66
CA-2015-127110,"Tennsco Industrial Shelving",-17.61
CA-2017-132199,"Wilson Jones Legal Size Ring Binders",-17.59
CA-2016-106950,"Heavy-Duty E-Z-D Binders",-17.57
US-2016-152373,"Eldon Base for stackable storage shelf, platinum",-17.52
US-2017-130603,"GBC Instant Report Kit",-17.47
CA-2014-129924,"Hon 5100 Series Wood Tables",-17.46
CA-2017-149720,"Nu-Dell Executive Frame",-17.44
US-2016-110156,"GBC Standard Recycled Report Covers, Clear Plastic Sheets",-17.25
CA-2015-113173,"Flexible Leather- Look Classic Collection Ring Binder",-17.05
CA-2017-159149,"Sauder Mission Library with Doors, Fruitwood Finish",-17.03
CA-2015-147830,"Panasonic KX TS3282W Corded phone",-17.00
CA-2015-124541,"Fellowes Twister Kit, Gray/Clear, 3/pkg",-16.88
CA-2015-140221,"Performers Binder/Pad Holder, Black",-16.82
US-2014-160780,"Avery Trapezoid Extra Heavy Duty 4" Binders"",-16.78
CA-2014-107398,"Cardinal Slant-D Ring Binder, Heavy Gauge Vinyl",-16.68
US-2014-117163,"Balt Split Level Computer Training Table",-16.65
CA-2014-146843,"Maxell 4.7GB DVD-RW 3/Pack",-16.61
CA-2017-141117,"GBC Standard Recycled Report Covers, Clear Plastic Sheets",-16.60
CA-2017-168389,"Motorola HK250 Universal Bluetooth Headset",-16.55
CA-2016-145303,"GBC ProClick Spines for 32-Hole Punch",-16.54
US-2014-112200,"Avery Framed View Binder, EZD Ring (Locking), Navy, 1 1/2""",-16.47
CA-2014-145317,"Hewlett-Packard Deskjet 6540 Color Inkjet Printer",-16.43
CA-2017-131618,"Fellowes Binding Cases",-16.38
US-2016-110156,"Tennsco Lockers, Gray",-16.36
US-2014-159926,"Safco Industrial Wire Shelving",-16.32
CA-2015-166219,"Hon 2111 Invitation Series Straight Table",-16.26
US-2017-158218,"Fellowes Bankers Box Stor/Drawer Steel Plus",-15.99
CA-2015-131856,"DAX Wood Document Frame.",-15.93
US-2014-140116,"Tennsco 6- and 18-Compartment Lockers",-15.91
CA-2017-134845,"GBC VeloBinder Manual Binding System",-15.84
US-2015-129637,"Tennsco Double-Tier Lockers",-15.75
US-2015-157014,"Safco Value Mate Series Steel Bookcases, Baked Enamel Finish on Steel, Gray",-15.62
CA-2017-164168,"Fellowes Neat Ideas Storage Cubes",-15.59
CA-2016-140746,"Bevis Round Bullnose 29" High Table Top"",-15.58
CA-2015-111073,"KI Adjustable-Height Table",-15.48
CA-2015-124058,"Gear Head AU3700S Headset",-15.46
US-2017-165456,"Global Commerce Series Low-Back Swivel/Tilt Chairs",-15.42
US-2015-164175,"Global Value Mid-Back Manager's Chair, Gray",-15.22
CA-2014-154963,"Panasonic Kx-TS550",-15.18
CA-2015-117415,"Global Fabric Manager's Chair, Dark Gray",-15.15
CA-2017-106068,"Acco Flexible ACCOHIDE Square Ring Data Binder, Dark Blue, 11 1/2" X 14"" 7/8"""",-15.13
CA-2017-111220,"Belkin 7-Outlet SurgeMaster Home Series",-15.09
US-2016-105578,"Vinyl Sectional Post Binders",-15.08
CA-2017-131366,"Blue Parrot B250XT Professional Grade Wireless Bluetooth Headset with",-15.00
CA-2017-125913,"Lesro Sheffield Collection Coffee Table, End Table, Center Table, Corner Table",-14.99
CA-2016-159737,"XtraLife ClearVue Slant-D Ring Binder, White, 3""",-14.97
CA-2017-140298,"Safco Commercial Shelving",-14.88
CA-2017-162565,"GuestStacker Chair with Chrome Finish Legs",-14.87
US-2017-106131,"Imation 8GB Mini TravelDrive USB 2.0 Flash Drive",-14.79
US-2014-111171,"Cardinal Slant-D Ring Binder, Heavy Gauge Vinyl",-14.77
CA-2014-137092,"Satellite Sectional Post Binders",-14.76
CA-2015-146262,"Speck Products Candyshell Flip Case",-14.70
CA-2015-162621,"Stiletto Hand Letter Openers",-14.69
CA-2014-161508,"Hon Deluxe Fabric Upholstered Stacking Chairs",-14.64
CA-2015-156146,"Plantronics MX500i Earset",-14.60
CA-2016-133697,"Office Star - Ergonomically Designed Knee Chair",-14.58
CA-2014-122882,"Carina 42"Hx23 3/4""W Media Storage Unit"",-14.58
US-2014-141215,"Avery Premier Heavy-Duty Binder with Round Locking Rings",-14.57
CA-2015-133445,"Global Highback Leather Tilter in Burgundy",-14.56
US-2016-161683,"GBC Clear Cover, 8-1/2 x 11, unpunched, 25 covers per pack",-14.55
US-2014-147606,"Eldon Expressions Desk Accessory, Wood Pencil Holder, Oak",-14.48
CA-2016-159940,"Global Ergonomic Managers Chair",-14.48
CA-2017-104003,"O'Sullivan Manor Hill 2-Door Library in Brianna Oak",-14.48
CA-2017-124674,"Atlantic Metals Mobile 2-Shelf Bookcases, Custom Colors",-14.46
CA-2016-163328,"Office Star - Contemporary Task Swivel chair with Loop Arms, Charcoal",-14.41
US-2017-112347,"Macally Suction Cup Mount",-14.34
US-2016-108777,"Wilson Jones Century Plastic Molded Ring Binders",-14.33
US-2017-165358,"Situations Contoured Folding Chairs, 4/Set",-14.20
CA-2016-162082,"Safco Value Mate Series Steel Bookcases, Baked Enamel Finish on Steel, Gray",-14.20
CA-2015-105599,"Anderson Hickey Conga Table Tops & Accessories",-14.16
US-2016-144393,"XtraLife ClearVue Slant-D Ring Binder, White, 3""",-14.09
CA-2016-119165,"Hon Olson Stacker Stools",-14.08
CA-2015-159786,"SAFCO PlanMaster Heigh-Adjustable Drafting Table Base, 43w x 30d x 30-37h, Black",-13.98
CA-2017-153822,"Plastic Binding Combs",-13.94
CA-2014-122567,"Holmes Cool Mist Humidifier for the Whole House with 8-Gallon Output per Day, Extended Life Filter",-13.93
CA-2016-112025,"GBC VeloBind Cover Sets",-13.90
CA-2015-142027,"Laminate Occasional Tables",-13.87
US-2016-123470,"Premium Transparent Presentation Covers by GBC",-13.85
CA-2015-169397,"Ibico Standard Transparent Covers",-13.84
US-2014-104759,"Fellowes Black Plastic Comb Bindings",-13.83
US-2016-150147,"Ibico Recycled Grain-Textured Covers",-13.82
CA-2014-146283,"SAFCO Arco Folding Chair",-13.81
CA-2015-138534,"Sauder Camden County Collection Libraries, Planked Cherry Finish",-13.80
CA-2017-125451,"KI Adjustable-Height Table",-13.76
US-2017-101784,"Global Value Mid-Back Manager's Chair, Gray",-13.74
CA-2014-165540,"GBC Standard Plastic Binding Systems Combs",-13.72
CA-2017-148810,"Hon Comfortask Task/Swivel Chairs",-13.68
US-2014-127635,"Trimflex Flexible Post Binders",-13.68
CA-2016-169922,"GBC Wire Binding Combs",-13.65
CA-2015-119291,"GBC Linen Binding Covers",-13.63
CA-2015-129112,"GBC Imprintable Covers",-13.62
CA-2017-112725,"Novimex Swivel Fabric Task Chair",-13.59
CA-2017-147207,"Hoover Commercial SteamVac",-13.58
CA-2015-114468,"Holmes Odor Grabber",-13.55
CA-2014-129147,"Acco D-Ring Binder w/DublLock",-13.47
CA-2017-110821,"Logitech K350 2.4Ghz Wireless Keyboard",-13.44
CA-2016-134180,"Bevis Steel Folding Chairs",-13.43
CA-2017-122154,"Avery Arch Ring Binders",-13.36
CA-2016-112739,"Acco PRESSTEX Data Binder with Storage Hooks, Dark Blue, 9 1/2" X 11"""",-13.34
CA-2017-115119,"Cisco Small Business SPA 502G VoIP phone",-13.33
CA-2014-169019,"GBC Instant Index System for Binding Systems",-13.32
US-2016-134488,"Office Star - Contemporary Task Swivel Chair",-13.32
CA-2016-112109,"GBC Twin Loop Wire Binding Elements",-13.31
CA-2015-155068,"Mediabridge Sport Armband iPhone 5s",-13.29
CA-2017-121160,"GBC Standard Plastic Binding Systems' Combs",-13.19
CA-2015-141250,"Bevis Round Conference Table Top & Single Column Base",-13.17
US-2014-159618,"Bestar Classic Bookcase",-13.00
CA-2015-105571,"Avery Hanging File Binders",-12.92
US-2017-110576,"Deflect-o RollaMat Studded, Beveled Mat for Medium Pile Carpeting",-12.91
US-2016-156986,"Clear Mylar Reinforcing Strips",-12.90
CA-2016-123337,"Sauder Forest Hills Library with Doors, Woodland Oak Finish",-12.88
CA-2017-161774,"Global Commerce Series Low-Back Swivel/Tilt Chairs",-12.85
CA-2016-124590,"Hon 4070 Series Pagoda Round Back Stacking Chairs",-12.84
US-2015-110569,"Cardinal EasyOpen D-Ring Binders",-12.80
US-2016-103646,"Fellowes Bankers Box Stor/Drawer Steel Plus",-12.79
CA-2016-153101,"Lesro Round Back Collection Coffee Table, End Table",-12.78
US-2015-100531,"DAX Metal Frame, Desktop, Stepped-Edge",-12.75
CA-2017-140585,"Bush Saratoga Collection 5-Shelf Bookcase, Hanover Cherry, *Special Order",-12.69
CA-2017-121160,"Rogers Deluxe File Chest",-12.53
CA-2017-113481,"Avery 3 1/2" Diskette Storage Pages",-12.53
US-2016-155173,"Grandstream GXP1160 VoIP phone",-12.51
US-2014-156216,"GBC Instant Index System for Binding Systems",-12.43
US-2016-139486,"Motorola HK250 Universal Bluetooth Headset",-12.41
CA-2017-152261,"GBC VeloBind Cover Sets",-12.35
CA-2017-156237,"Aluminum Screw Posts",-12.21
US-2016-114293,"Novimex Fabric Task Chair",-12.20
CA-2015-136728,"Global Value Steno Chair, Gray",-12.15
CA-2016-165484,"DAX Cubicle Frames - 8x10",-12.12
CA-2014-131247,"O'Sullivan Living Dimensions 2-Shelf Bookcases",-12.10
CA-2014-169019,"Acco 6 Outlet Guardian Standard Surge Suppressor",-12.09
US-2016-162852,"Global Manager's Adjustable Task Chair, Storm",-12.08
CA-2015-124541,"Ibico Covers for Plastic or Wire Binding Elements",-12.08
US-2014-150119,"Global Leather Highback Executive Chair with Pneumatic Height Adjustment, Black",-12.06
US-2017-164147,"Anker 36W 4-Port USB Wall Charger Travel Power Adapter for iPhone 5s 5c 5",-11.99
US-2016-105578,"GBC Standard Therm-A-Bind Covers",-11.96
CA-2017-161851,"Avery Binding System Hidden Tab Executive Style Index Sets",-11.94
US-2014-163797,"Alliance Super-Size Bands, Assorted Sizes",-11.83
US-2016-131114,"Belkin 6 Outlet Metallic Surge Strip",-11.76
CA-2016-136595,"Executive Impressions 12" Wall Clock"",-11.66
US-2017-124779,"DAX Black Cherry Wood-Tone Poster Frame",-11.65
CA-2017-136539,"Bush Westfield Collection Bookcases, Medium Cherry Finish",-11.60
CA-2017-164042,"Tennsco Commercial Shelving",-11.59
CA-2016-132017,"GBC Recycled VeloBinder Covers",-11.59
US-2014-120236,"GBC VeloBinder Strips",-11.52
CA-2017-109085,"Vtech CS6719",-11.52
CA-2017-112809,"Ibico Plastic and Wire Spiral Binding Combs",-11.46
CA-2015-156377,"Eldon Expressions Wood Desk Accessories, Oak",-11.44
US-2015-101511,"Padded Folding Chairs, Black, 4/Carton",-11.34
CA-2017-112473,"Iris 3-Drawer Stacking Bin, Black",-11.28
CA-2017-122987,"Recycled Easel Ring Binders",-11.19
CA-2014-105340,"Wilson Jones Heavy-Duty Casebound Ring Binders with Metal Hinges",-11.08
CA-2016-134516,"Global High-Back Leather Tilter, Burgundy",-11.07
CA-2016-154018,"Avery Non-Stick Binders",-11.00
CA-2016-158806,"Eldon Image Series Desk Accessories, Burgundy",-10.96
US-2014-155544,"Global Highback Leather Tilter in Burgundy",-10.92
US-2017-132220,"SanDisk Ultra 16 GB MicroSDHC Class 10 Memory Card",-10.91
CA-2016-158568,"SanDisk Ultra 64 GB MicroSDHC Class 10 Memory Card",-10.80
CA-2017-130967,"Nokia Lumia 521 (T-Mobile)",-10.80
CA-2017-117632,"Lesro Sheffield Collection Coffee Table, End Table, Center Table, Corner Table",-10.71
CA-2017-112536,"Acco Pressboard Covers with Storage Hooks, 14 7/8" x 11""",-10.65
CA-2014-154158,"Tennsco 6- and 18-Compartment Lockers",-10.61
CA-2016-109820,"Avery Recycled Flexi-View Covers for Binding Systems",-10.58
CA-2014-165764,"Avery Self-Adhesive Photo Pockets for Polaroid Photos",-10.49
US-2017-147669,"Satellite Sectional Post Binders",-10.42
CA-2015-143077,"Howard Miller Distant Time Traveler Alarm Clock",-10.42
CA-2017-100223,"Tuf-Vin Binders",-10.42
CA-2016-117226,"Avery Binding System Hidden Tab Executive Style Index Sets",-10.39
CA-2015-166338,"Ibico Standard Transparent Covers",-10.38
CA-2017-163006,"Seth Thomas 13 1/2" Wall Clock"",-10.31
CA-2015-143077,"GBC Imprintable Covers",-10.21
US-2016-120460,"Flat Face Poster Frame",-10.17
CA-2017-105669,"Wilson Jones “Snap” Scratch Pad Binder Tool for Ring Binders",-10.15
CA-2014-130428,"Ibico Plastic and Wire Spiral Binding Combs",-10.12
US-2014-105767,"Motorola L804",-10.12
CA-2017-151855,"Fellowes Twister Kit, Gray/Clear, 3/pkg",-10.05
US-2014-127978,"Eldon Shelf Savers Cubes and Bins",-10.05
CA-2014-129147,"I Need's 3d Hello Kitty Hybrid Silicone Case Cover for HTC One X 4g with 3d Hello Kitty Stylus Pen Green/pink",-10.05
CA-2017-155824,"Heavy-Duty E-Z-D Binders",-10.04
CA-2017-139402,"Acco Recycled 2" Capacity Laser Printer Hanging Data Binders"",-9.97
CA-2016-126529,"Cyber Acoustics AC-202b Speech Recognition Stereo Headset",-9.87
CA-2015-120621,"GBC Laser Imprintable Binding System Covers, Desert Sand",-9.85
CA-2017-104927,"Cardinal HOLDit! Binder Insert Strips,Extra Strips",-9.81
CA-2015-167010,"Speck Products Candyshell Flip Case",-9.80
CA-2016-145177,"Square Credit Card Reader",-9.79
CA-2016-124016,"Fellowes Black Plastic Comb Bindings",-9.76
CA-2014-113859,"Padded Folding Chairs, Black, 4/Carton",-9.72
CA-2017-151750,"GBC Instant Report Kit",-9.70
CA-2015-135251,"Avery Hole Reinforcements",-9.66
CA-2015-112130,"Fellowes Bankers Box Stor/Drawer Steel Plus",-9.59
CA-2014-139542,"GBC Twin Loop Wire Binding Elements, 9/16" Spine",-9.59
CA-2015-144302,"GBC White Gloss Covers, Plain Front",-9.56
CA-2016-130680,"Macally Suction Cup Mount",-9.56
CA-2017-158953,"Presstex Flexible Ring Binders",-9.56
CA-2016-124562,"Universal Recycled Hanging Pressboard Report Binders, Letter Size",-9.50
CA-2015-100545,"GBC Durable Plastic Covers",-9.29
CA-2016-166373,"SanDisk Ultra 32 GB MicroSDHC Class 10 Memory Card",-9.28
CA-2017-144526,"GBC VeloBind Cover Sets",-9.26
CA-2017-134845,"Insertable Tab Post Binder Dividers",-9.22
CA-2014-151162,"Lunatik TT5L-002 Taktik Strike Impact Protection System for iPhone 5",-9.18
CA-2015-120341,"Grandstream GXP2100 Mainstream Business Phone",-9.18
US-2016-157490,"Avery Framed View Binder, EZD Ring (Locking), Navy, 1 1/2""",-9.18
US-2016-125969,"Global Value Mid-Back Manager's Chair, Gray",-9.16
CA-2017-156622,"Aluminum Screw Posts",-9.16
US-2015-163685,"Avery Poly Binder Pockets",-9.16
CA-2014-106439,"Novimex Fabric Task Chair",-9.15
CA-2014-101602,"ARKON Windshield Dashboard Air Vent Car Mount Holder",-9.15
CA-2014-110219,"Global Value Mid-Back Manager's Chair, Gray",-9.13
CA-2016-140018,"Global Value Steno Chair, Gray",-9.11
US-2017-160759,"Leather Task Chair, Black",-9.10
CA-2014-162089,"Global Stack Chair without Arms, Black",-9.09
CA-2016-169922,"Stacking Tray, Side-Loading, Legal, Smoke",-9.09
US-2017-125647,"OtterBox Commuter Series Case - Samsung Galaxy S4",-9.00
US-2015-120572,"Acco D-Ring Binder w/DublLock",-8.98
CA-2015-129700,"Staple-based wall hangings",-8.92
US-2017-132206,"Storex DuraTech Recycled Plastic Frosted Binders",-8.90
CA-2014-114251,"Wilson Jones Legal Size Ring Binders",-8.80
CA-2014-166730,"Tennsco Industrial Shelving",-8.80
US-2017-137491,"Lifetime Advantage Folding Chairs, 4/Carton",-8.72
CA-2014-148950,"Avery Heavy-Duty EZD View Binder with Locking Rings",-8.68
CA-2016-156573,"GBC ProClick Spines for 32-Hole Punch",-8.65
US-2017-146878,"Avery Trapezoid Ring Binder, 3" Capacity",-8.61
CA-2015-162761,"Clear Mylar Reinforcing Strips",-8.60
US-2014-152030,"Global Deluxe High-Back Manager's Chair",-8.58
CA-2015-141250,"Harbour Creations 67200 Series Stacking Chairs",-8.54
CA-2016-149349,"DAX Charcoal/Nickel-Tone Document Frame, 5 x 7",-8.53
CA-2014-163748,"Hoover Replacement Belts For Soft Guard & Commercial Ltweight Upright Vacs, 2/Pk",-8.53
CA-2015-131597,"KI Conference Tables",-8.51
CA-2017-152583,"DAX Metal Frame, Desktop, Stepped-Edge",-8.50
US-2015-159982,"Eldon 100 Class Desk Accessories",-8.49
CA-2014-165393,"GBC Standard Therm-A-Bind Covers",-8.47
CA-2016-145261,"Sony Micro Vault Click 8 GB USB 2.0 Flash Drive",-8.46
US-2017-108315,"Tenex B1-RE Series Chair Mats for Low Pile Carpets",-8.28
CA-2016-155670,"Acco Translucent Poly Ring Binders",-8.24
CA-2014-120852,"Logitech Desktop MK120 Mouse and keyboard Combo",-8.18
CA-2015-101868,"Logitech Keyboard K120",-8.17
US-2014-160780,"Wilson Jones 1" Hanging DublLock Ring Binders"",-8.13
CA-2016-143910,"Global Geo Office Task Chair, Gray",-8.10
CA-2017-161067,"Global Low Back Tilter Chair",-8.08
CA-2014-163034,"Fellowes Super Stor/Drawer Files",-8.08
US-2014-140452,"Ibico Covers for Plastic or Wire Binding Elements",-8.05
US-2014-150924,"Wilson Jones Impact Binders",-8.03
US-2014-140914,"DAX Wood Document Frame.",-7.96
CA-2017-122028,"GBC Personal VeloBind Strips",-7.91
CA-2016-109827,"Imation Clip USB flash drive - 8 GB",-7.90
US-2016-100419,"Cardinal Hold-It CD Pocket",-7.90
CA-2015-162621,"Acco Four Pocket Poly Ring Binder with Label Holder, Smoke, 1""",-7.82
CA-2017-110429,"Mead 1st Gear 2" Zipper Binder",-7.78
US-2016-115455,"Executive Impressions 12" Wall Clock"",-7.77
CA-2014-156790,"O'Sullivan 2-Shelf Heavy-Duty Bookcases",-7.77
US-2015-104430,"GBC Instant Report Kit",-7.76
CA-2014-169446,"Rogers Jumbo File, Granite",-7.74
US-2017-156356,"Tennsco Commercial Shelving",-7.73
US-2017-100930,"Logitech P710e Mobile Speakerphone",-7.72
CA-2016-153577,"Global Commerce Series Low-Back Swivel/Tilt Chairs",-7.71
US-2016-148901,"Wilson Jones International Size A4 Ring Binders",-7.61
CA-2017-165757,"GBC Plasticlear Binding Covers",-7.58
CA-2017-133067,"Avery 3 1/2" Diskette Storage Pages",-7.52
US-2017-165344,"Accohide Poly Flexible Ring Binders",-7.48
CA-2016-162383,"Recycled Easel Ring Binders",-7.46
CA-2016-128531,"Logitech G19 Programmable Gaming Keyboard",-7.44
US-2017-145366,"Safco Commercial Shelving",-7.44
CA-2015-153073,"Eldon Imàge Series Desk Accessories, Clear",-7.44
CA-2017-161172,"OtterBox Defender Series Case - iPhone 5c",-7.40
US-2017-119438,"Hoover Portapower Portable Vacuum",-7.39
US-2015-165743,"Wilson Jones 14 Line Acrylic Coated Pressboard Data Binders",-7.37
CA-2016-154536,"C-Line Peel & Stick Add-On Filing Pockets, 8-3/4 x 5-1/8, 10/Pack",-7.33
CA-2017-157966,"Plantronics MX500i Earset",-7.30
US-2015-138303,"Eldon Gobal File Keepers",-7.27
CA-2017-136364,"Cisco SPA508G",-7.26
CA-2016-119186,"Logitech G13 Programmable Gameboard with LCD Display",-7.20
CA-2014-138317,"GBC Prepunched Paper, 19-Hole, for Binding Systems, 24-lb",-7.20
CA-2016-145261,"Macally Suction Cup Mount",-7.17
CA-2016-106306,"GBC Standard Recycled Report Covers, Clear Plastic Sheets",-7.11
CA-2016-157511,"Situations Contoured Folding Chairs, 4/Set",-7.10
US-2015-150630,"Avery Recycled Flexi-View Covers for Binding Systems",-7.05
CA-2017-140298,"Telescoping Adjustable Floor Lamp",-7.00
CA-2015-102876,"GBC Wire Binding Strips",-6.98
CA-2015-167010,"Cardinal Slant-D Ring Binders",-6.95
CA-2015-154970,"Global Deluxe Steno Chair",-6.93
CA-2016-131968,"Ibico Standard Transparent Covers",-6.92
CA-2014-122609,"GE General Use Halogen Bulbs, 100 Watts, 1 Bulb per Pack",-6.91
US-2016-148334,"GBC Standard Recycled Report Covers, Clear Plastic Sheets",-6.90
CA-2014-103317,"Wilson Jones Four-Pocket Poly Binders",-6.87
CA-2014-103744,"GBC Plastic Binding Combs",-6.86
CA-2017-163160,"Dax Clear Box Frame",-6.81
US-2016-132577,"Accohide Poly Flexible Ring Binders",-6.73
US-2017-104661,"Acco D-Ring Binder w/DublLock",-6.63
US-2016-128195,"Ibico Presentation Index for Binding Systems",-6.57
CA-2017-134845,"Cardinal Holdit Business Card Pockets",-6.57
US-2017-117331,"Lock-Up Easel 'Spel-Binder'",-6.56
CA-2014-166891,"Office Star - Contemporary Task Swivel chair with Loop Arms, Charcoal",-6.55
CA-2014-161249,"Avery Hole Reinforcements",-6.54
US-2016-114622,"Wilson Jones Hanging Recycled Pressboard Data Binders",-6.53
CA-2015-104346,"Logitech Keyboard K120",-6.53
CA-2014-126193,"Avery Heavy-Duty EZD View Binder with Locking Rings",-6.51
CA-2015-162201,"Fellowes Super Stor/Drawer Files",-6.46
CA-2017-121160,"Wilson Jones Impact Binders",-6.42
CA-2017-101749,"Lesro Sheffield Collection Coffee Table, End Table, Center Table, Corner Table",-6.42
CA-2017-148138,"Fellowes Bankers Box Stor/Drawer Steel Plus",-6.40
US-2017-166324,"Wilson Jones Clip & Carry Folder Binder Tool for Ring Binders, Clear",-6.38
CA-2017-128426,"Storex DuraTech Recycled Plastic Frosted Binders",-6.36
CA-2014-101147,"Staple holder",-6.34
CA-2017-112004,"Avery Metallic Poly Binders",-6.30
CA-2016-126627,"Eldon 400 Class Desk Accessories, Black Carbon",-6.30
CA-2016-110898,"Commercial WindTunnel Clean Air Upright Vacuum, Replacement Belts, Filtration Bags",-6.30
US-2017-105389,"Storex Dura Pro Binders",-6.24
CA-2016-147109,"WD My Passport Ultra 1TB Portable External Hard Drive",-6.21
US-2017-122672,"SanDisk Ultra 32 GB MicroSDHC Class 10 Memory Card",-6.19
CA-2016-112109,"Wilson Jones Active Use Binders",-6.12
US-2017-142573,"Acco Expandable Hanging Binders",-6.12
CA-2017-142622,"Novimex Fabric Task Chair",-6.10
CA-2015-122287,"Aluminum Screw Posts",-6.10
CA-2016-101693,"Global Value Mid-Back Manager's Chair, Gray",-6.09
CA-2017-108070,"O'Sullivan Living Dimensions 2-Shelf Bookcases",-6.05
CA-2017-156664,"Fellowes Twister Kit, Gray/Clear, 3/pkg",-6.03
CA-2015-110247,"SpineVue Locking Slant-D Ring Binders by Cardinal",-6.03
CA-2017-142461,"Atlantic Metals Mobile 5-Shelf Bookcases, Custom Colors",-6.02
CA-2014-166716,"Global Leather and Oak Executive Chair, Black",-6.02
CA-2017-163692,"Wilson Jones Leather-Like Binders with DublLock Round Rings",-6.02
CA-2016-116232,"Acco Suede Grain Vinyl Round Ring Binder",-6.00
CA-2017-107832,"GBC Standard Therm-A-Bind Covers",-5.98
CA-2017-161592,"3M Organizer Strips",-5.94
US-2014-158057,"C-Line Peel & Stick Add-On Filing Pockets, 8-3/4 x 5-1/8, 10/Pack",-5.86
CA-2015-156377,"Newell 3-Hole Punched Plastic Slotted Magazine Holders for Binders",-5.85
US-2015-114839,"Hon 4070 Series Pagoda Armless Upholstered Stacking Chairs",-5.83
US-2017-118038,"6" Cubicle Wall Clock",-5.82
US-2015-141453,"GBC Instant Report Kit",-5.82
CA-2015-116750,"Wilson Jones Turn Tabs Binder Tool for Ring Binders",-5.78
CA-2017-149489,"GBC ProClick Spines for 32-Hole Punch",-5.76
US-2016-167339,"Global Super Steno Chair",-5.76
US-2015-150630,"Acco Pressboard Covers with Storage Hooks, 14 7/8" x 11""",-5.72
US-2014-119137,"Wilson Jones Custom Binder Spines & Labels",-5.71
CA-2017-118640,"Contract Clock, 14"",-5.71
CA-2016-123617,"ACCOHIDE Binder by Acco",-5.70
US-2016-111563,"DAX Two-Tone Rosewood/Black Document Frame, Desktop, 5 x 7",-5.69
CA-2017-122539,"Acco Pressboard Covers with Storage Hooks, 14 7/8" x 11""",-5.60
CA-2014-149958,"Insertable Tab Post Binder Dividers",-5.53
US-2016-114013,"SAFCO Arco Folding Chair",-5.52
CA-2014-112326,"GBC Standard Plastic Binding Systems Combs",-5.49
US-2015-126753,"SanDisk Ultra 16 GB MicroSDHC Class 10 Memory Card",-5.46
CA-2016-139234,"Insertable Tab Post Binder Dividers",-5.29
US-2016-116365,"Imation Clip USB flash drive - 8 GB",-5.26
US-2014-150119,"Zipper Ring Binder Pockets",-5.24
CA-2017-152198,"Acco Data Flex Cable Posts For Top & Bottom Load Binders, 6" Capacity"",-5.22
US-2017-102288,"Holmes Visible Mist Ultrasonic Humidifier with 2.3-Gallon Output per Day, Replacement Filter",-5.21
CA-2016-124254,"Fellowes Bankers Box Staxonsteel Drawer File/Stacking System",-5.20
CA-2014-142965,"Fellowes Neat Ideas Storage Cubes",-5.20
CA-2017-144064,"Wilson Jones Easy Flow II Sheet Lifters",-5.18
CA-2016-141180,"GBC Instant Report Kit",-5.18
CA-2014-144029,"Global Commerce Series Low-Back Swivel/Tilt Chairs",-5.14
CA-2016-127243,"GBC Plasticlear Binding Covers",-5.05
CA-2017-116127,"DMI Eclipse Executive Suite Bookcases",-5.01
US-2017-145863,"UniKeep View Case Binders",-4.99
CA-2017-117422,"SlimView Poly Binder, 3/8""",-4.97
CA-2014-163468,"Wilson Jones Turn Tabs Binder Tool for Ring Binders",-4.92
CA-2017-107629,"Logitech Desktop MK120 Mouse and keyboard Combo",-4.91
CA-2015-112214,"Stiletto Hand Letter Openers",-4.90
CA-2016-138520,"Sauder Barrister Bookcases",-4.86
CA-2014-154963,"Padded Folding Chairs, Black, 4/Carton",-4.86
US-2015-149692,"Avery Reinforcements for Hole-Punch Pages",-4.85
CA-2014-102869,"Rosewill 107 Normal Keys USB Wired Standard Keyboard",-4.85
CA-2015-130785,"Sauder Camden County Barrister Bookcase, Planked Cherry Finish",-4.84
CA-2016-113978,"Eldon Gobal File Keepers",-4.84
CA-2016-155481,"Anker 36W 4-Port USB Wall Charger Travel Power Adapter for iPhone 5s 5c 5",-4.80
CA-2015-102260,"Safco Wire Cube Shelving System, For Use as 4 or 5 14" Cubes",-4.77
US-2017-154851,"Acco Pressboard Covers with Storage Hooks, 14 7/8" x 11""",-4.76
CA-2017-145233,"Recycled Pressboard Report Cover with Reinforced Top Hinge",-4.75
US-2017-100482,"Kingston Digital DataTraveler 32GB USB 2.0",-4.75
US-2017-145863,"Avery Non-Stick Binders",-4.71
US-2016-162103,"XtraLife ClearVue Slant-D Ring Binders by Cardinal",-4.70
US-2016-139087,"Cyber Acoustics AC-202b Speech Recognition Stereo Headset",-4.68
CA-2016-157749,"Staple-based wall hangings",-4.68
CA-2015-120845,"Wilson Jones 1" Hanging DublLock Ring Binders"",-4.65
CA-2015-145828,"SanDisk Ultra 32 GB MicroSDHC Class 10 Memory Card",-4.64
CA-2016-134348,"Avery Durable Slant Ring Binders With Label Holder",-4.60
CA-2014-111360,"Acco Expandable Hanging Binders",-4.59
CA-2017-103478,"Avery Poly Binder Pockets",-4.58
CA-2017-127306,"Ibico Presentation Index for Binding Systems",-4.58
CA-2014-107398,"Wilson Jones Custom Binder Spines & Labels",-4.57
CA-2014-129364,"Acco PRESSTEX Data Binder with Storage Hooks, Dark Blue, 9 1/2" X 11"""",-4.52
CA-2015-143147,"Global Stack Chair with Arms, Black",-4.50
CA-2015-148873,"Accohide Poly Flexible Ring Binders",-4.49
CA-2015-156734,"Avery Self-Adhesive Photo Pockets for Polaroid Photos",-4.49
CA-2015-113131,"Accohide Poly Flexible Ring Binders",-4.49
CA-2016-116918,"Avery Non-Stick Binders",-4.49
US-2017-155299,"Eureka Disposable Bags for Sanitaire Vibra Groomer I Upright Vac",-4.47
CA-2017-113453,"Acco Perma 2700 Stacking Storage Drawers",-4.46
CA-2017-156412,"Storex Dura Pro Binders",-4.46
CA-2014-148425,"Avery Triangle Shaped Sheet Lifters, Black, 2/Pack",-4.43
CA-2015-127607,"GBC Standard Plastic Binding Systems' Combs",-4.40
US-2016-150357,"Martin-Yale Premier Letter Opener",-4.38
CA-2017-158379,"Clear Mylar Reinforcing Strips",-4.30
CA-2017-167549,"Safco Drafting Table",-4.26
CA-2015-146563,"Avery Durable Plastic 1" Binders"",-4.22
US-2017-160836,"Commercial WindTunnel Clean Air Upright Vacuum, Replacement Belts, Filtration Bags",-4.20
CA-2016-143714,"Avery Legal 4-Ring Binder",-4.20
CA-2017-167703,"Fellowes Black Plastic Comb Bindings",-4.18
CA-2016-163328,"Serrated Blade or Curved Handle Hand Letter Openers",-4.18
CA-2016-134936,"Cardinal Slant-D Ring Binder, Heavy Gauge Vinyl",-4.17
CA-2017-140872,"WD My Passport Ultra 1TB Portable External Hard Drive",-4.14
US-2014-158638,"Acco Pressboard Covers with Storage Hooks, 14 7/8" x 11""",-4.12
CA-2016-136049,"Universal Recycled Hanging Pressboard Report Binders, Letter Size",-4.07
CA-2017-119746,"Contemporary Wood/Metal Frame",-4.04
US-2014-150434,"Barricks 18" x 48"" Non-Folding Utility Table with Bottom Storage Shelf"",-4.03
CA-2015-113628,"Wilson Jones Leather-Like Binders with DublLock Round Rings",-4.02
CA-2014-139633,"Newell 3-Hole Punched Plastic Slotted Magazine Holders for Binders",-4.02
US-2015-105676,"Eldon Image Series Desk Accessories, Burgundy",-4.01
CA-2015-102876,"Angle-D Ring Binders",-3.94
CA-2016-134691,"Binder Posts",-3.90
CA-2017-126914,"O'Sullivan 2-Shelf Heavy-Duty Bookcases",-3.89
CA-2016-131744,"DXL Angle-View Binders with Locking Rings by Samsill",-3.86
US-2014-107405,"Tennsco Commercial Shelving",-3.86
US-2015-156867,"Deflect-o DuraMat Lighweight, Studded, Beveled Mat for Low Pile Carpeting",-3.84
US-2015-118983,"Storex DuraTech Recycled Plastic Frosted Binders",-3.82
CA-2017-133928,"Acco Pressboard Covers with Storage Hooks, 14 7/8" x 11""",-3.81
CA-2017-111374,"ACCOHIDE 3-Ring Binder, Blue, 1""",-3.80
US-2017-109484,"Flexible Leather- Look Classic Collection Ring Binder",-3.79
US-2015-101511,"Acme Rosewood Handle Letter Opener",-3.77
CA-2017-165099,"Hoover Commercial Lightweight Upright Vacuum",-3.76
CA-2015-113628,"SlimView Poly Binder, 3/8""",-3.73
US-2017-147221,"Advantus Panel Wall Acrylic Frame",-3.72
CA-2017-138156,"Deflect-o RollaMat Studded, Beveled Mat for Medium Pile Carpeting",-3.69
US-2014-150574,"Insertable Tab Post Binder Dividers",-3.69
CA-2014-104738,"Acco Hanging Data Binders",-3.66
CA-2017-163265,"Eldon Image Series Desk Accessories, Burgundy",-3.65
CA-2014-160773,"Avery Durable Binders",-3.63
CA-2017-161893,"Wilson Jones data.warehouse D-Ring Binders with DublLock",-3.62
CA-2016-163398,"Heavy-Duty E-Z-D Binders",-3.60
US-2017-118087,"GBC Prepunched Paper, 19-Hole, for Binding Systems, 24-lb",-3.60
CA-2017-131618,"Avery Durable Binders",-3.57
CA-2014-108903,"Logitech G105 Gaming Keyboard",-3.56
CA-2017-152198,"3M Organizer Strips",-3.56
US-2017-100930,"GBC Instant Index System for Binding Systems",-3.55
CA-2016-140417,"GBC Poly Designer Binding Covers",-3.52
CA-2015-105312,"UniKeep View Case Binders",-3.52
CA-2017-106432,"SlimView Poly Binder, 3/8""",-3.52
CA-2017-140872,"Wilson Jones Standard D-Ring Binders",-3.49
CA-2017-161172,"Avery Binding System Hidden Tab Executive Style Index Sets",-3.46
CA-2017-158120,"Avery Reinforcements for Hole-Punch Pages",-3.46
US-2016-156097,"Avery Binding System Hidden Tab Executive Style Index Sets",-3.46
US-2015-161991,"Round Ring Binders",-3.43
US-2016-150147,"Wilson Jones Custom Binder Spines & Labels",-3.43
CA-2016-113551,"GBC Wire Binding Combs",-3.41
CA-2015-111325,"Pressboard Covers with Storage Hooks, 9 1/2" x 11""",-3.39
CA-2017-160801,"Acco PRESSTEX Data Binder with Storage Hooks, Dark Blue, 9 1/2" X 11"""",-3.39
CA-2017-145093,"Wilson Jones 1" Hanging DublLock Ring Binders"",-3.38
CA-2016-134348,"Round Ring Binders",-3.35
CA-2017-131492,"Anderson Hickey Conga Table Tops & Accessories",-3.35
CA-2015-122287,"Peel & Stick Add-On Corner Pockets",-3.33
CA-2016-115588,"Staple remover",-3.31
CA-2017-112536,"Avery Framed View Binder, EZD Ring (Locking), Navy, 1 1/2""",-3.29
CA-2016-139234,"Logitech Desktop MK120 Mouse and keyboard Combo",-3.27
CA-2014-108189,"Stiletto Hand Letter Openers",-3.26
CA-2016-108644,"Pressboard Covers with Storage Hooks, 9 1/2" x 11""",-3.24
CA-2017-147228,"Fellowes Super Stor/Drawer Files",-3.23
CA-2015-121720,"GBC Standard Plastic Binding Systems' Combs",-3.14
US-2014-159618,"Acco Side-Punched Conventional Columnar Pads",-3.12
CA-2015-105221,"SanDisk Ultra 32 GB MicroSDHC Class 10 Memory Card",-3.09
CA-2016-118934,"Tuff Stuff Recycled Round Ring Binders",-3.04
CA-2016-158568,"Avery Hidden Tab Dividers for Binding Systems",-3.04
CA-2014-151708,"Eldon Delta Triangular Chair Mat, 52" x 58""",-3.03
CA-2017-100622,"Avery Self-Adhesive Photo Pockets for Polaroid Photos",-3.00
CA-2017-124940,"Microsoft Natural Keyboard Elite",-2.99
CA-2015-126557,"Tuff Stuff Recycled Round Ring Binders",-2.99
CA-2017-131016,"Acco Perma 2700 Stacking Storage Drawers",-2.97
US-2017-163657,"Hon 2111 Invitation Series Straight Table",-2.96
CA-2014-105165,"Belkin Standard 104 key USB Keyboard",-2.92
CA-2016-108364,"Wilson Jones Easy Flow II Sheet Lifters",-2.88
CA-2015-100734,"Avery Hidden Tab Dividers for Binding Systems",-2.86
CA-2015-150413,"Avery Printable Repositionable Plastic Tabs",-2.84
US-2016-127971,"Eldon Wave Desk Accessories",-2.83
CA-2016-157749,"Eldon 100 Class Desk Accessories",-2.83
CA-2017-138611,"Prestige Round Ring Binders",-2.80
CA-2016-159912,"Fellowes Black Plastic Comb Bindings",-2.79
CA-2017-136448,"Binder Posts",-2.76
US-2015-126753,"Avery Durable Slant Ring Binders With Label Holder",-2.76
US-2016-150357,"Presstex Flexible Ring Binders",-2.73
CA-2017-158246,"Global Leather Task Chair, Black",-2.70
US-2015-157014,"Imation 8gb Micro Traveldrive Usb 2.0 Flash Drive",-2.70
CA-2016-168956,"Global Stack Chair with Arms, Black",-2.70
CA-2017-139773,"Safco Chair Connectors, 6/Carton",-2.69
CA-2016-120824,"Acco Pressboard Covers with Storage Hooks, 14 7/8" x 11""",-2.67
CA-2017-106831,"Cardinal HOLDit! Binder Insert Strips,Extra Strips",-2.66
CA-2016-137239,"Avery Durable Poly Binders",-2.65
US-2014-105767,"Angle-D Ring Binders",-2.63
US-2017-150595,"Avery Durable Slant Ring Binders, No Labels",-2.63
US-2016-158309,"Zipper Ring Binder Pockets",-2.62
CA-2017-112487,"Acco Economy Flexible Poly Round Ring Binder",-2.61
CA-2014-129364,"Acco Side-Punched Conventional Columnar Pads",-2.60
CA-2014-113257,"Longer-Life Soft White Bulbs",-2.59
CA-2017-140872,"Logitech P710e Mobile Speakerphone",-2.57
CA-2015-139374,"Global Commerce Series Low-Back Swivel/Tilt Chairs",-2.57
CA-2017-157966,"SAFCO Folding Chair Trolley",-2.56
CA-2014-120544,"Staple-based wall hangings",-2.55
CA-2015-107083,"Storex DuraTech Recycled Plastic Frosted Binders",-2.54
CA-2014-118192,"Avery Metallic Poly Binders",-2.52
CA-2017-152807,"Eldon Shelf Savers Cubes and Bins",-2.51
US-2017-110149,"Heavy-Duty E-Z-D Binders",-2.51
CA-2016-133123,"Pressboard Data Binders by Wilson Jones",-2.46
CA-2016-115588,"Acco Perma 4000 Stacking Storage Drawers",-2.44
CA-2014-140858,"Self-Adhesive Ring Binder Labels",-2.43
CA-2015-122210,"Revere Boxed Rubber Bands by Revere",-2.38
CA-2016-128531,"Logitech G105 Gaming Keyboard",-2.37
US-2017-118087,"Wilson Jones Standard D-Ring Binders",-2.33
CA-2014-107398,"Insertable Tab Indexes For Data Binders",-2.29
CA-2017-123239,"Eldon Delta Triangular Chair Mat, 52" x 58""",-2.28
US-2017-124303,"Pressboard Covers with Storage Hooks, 9 1/2" x 11""",-2.26
CA-2014-164182,"Griffin GC36547 PowerJolt SE Lightning Charger",-2.25
CA-2015-149384,"Accohide Poly Flexible Ring Binders",-2.24
US-2015-120712,"Fellowes Super Stor/Drawer",-2.22
CA-2014-159310,"Avery Triangle Shaped Sheet Lifters, Black, 2/Pack",-2.21
CA-2015-161263,"Super Bands, 12/Pack",-2.21
CA-2014-148950,"Belkin Standard 104 key USB Keyboard",-2.19
US-2014-118486,"Martin-Yale Premier Letter Opener",-2.19
CA-2016-149279,"Wilson Jones Impact Binders",-2.18
CA-2015-112214,"Avery Self-Adhesive Photo Pockets for Polaroid Photos",-2.18
CA-2016-159373,"Insertable Tab Indexes For Data Binders",-2.16
US-2016-150567,"Pressboard Hanging Data Binders for Unburst Sheets",-2.16
CA-2016-169922,"Computer Printout Index Tabs",-2.15
CA-2015-126557,"Floodlight Indoor Halogen Bulbs, 1 Bulb per Pack, 60 Watts",-2.13
CA-2017-133102,"SAFCO Optional Arm Kit for Workspace Cribbage Stacking Chair",-2.13
CA-2017-133648,"Plymouth Boxed Rubber Bands by Plymouth",-2.12
US-2015-130519,"Tenex "The Solids"" Textured Chair Mats"",-2.10
CA-2014-133809,"PNY Rapid USB Car Charger - Black",-2.08
CA-2017-106068,"WD My Passport Ultra 1TB Portable External Hard Drive",-2.07
CA-2017-149181,"Global Chrome Stack Chair",-2.06
CA-2015-122623,"Metal Folding Chairs, Beige, 4/Carton",-2.04
US-2016-110156,"Avery Hidden Tab Dividers for Binding Systems",-2.03
CA-2016-163202,"Recycled Pressboard Report Cover with Reinforced Top Hinge",-2.03
CA-2016-164784,"Newell 3-Hole Punched Plastic Slotted Magazine Holders for Binders",-2.01
US-2015-161347,"Fellowes Twister Kit, Gray/Clear, 3/pkg",-2.01
CA-2017-147228,"Staple remover",-1.99
CA-2015-149300,"Texas Instruments TI-34 Scientific Calculator",-1.98
CA-2014-165309,"Universal Recycled Hanging Pressboard Report Binders, Letter Size",-1.97
US-2017-168690,"Zipper Ring Binder Pockets",-1.97
US-2017-118038,"Economy Binders",-1.93
CA-2016-109820,"Acco 3-Hole Punch",-1.93
CA-2017-168900,"DXL Angle-View Binders with Locking Rings by Samsill",-1.93
US-2016-105578,"Storex Flexible Poly Binders with Double Pockets",-1.90
CA-2015-146829,"Acco Suede Grain Vinyl Round Ring Binder",-1.89
CA-2015-140221,"Eldon Wave Desk Accessories",-1.88
CA-2017-152205,"GBC Standard Plastic Binding Systems Combs",-1.86
CA-2017-127306,"Avery Durable Slant Ring Binders With Label Holder",-1.84
US-2017-107272,"Avery Durable Slant Ring Binders, No Labels",-1.83
CA-2016-140977,"Penpower WorldCard Pro Card Scanner",-1.83
CA-2014-129189,"Acco Economy Flexible Poly Round Ring Binder",-1.83
CA-2014-130918,"Acme Serrated Blade Letter Opener",-1.81
CA-2015-120845,"Wilson Jones data.warehouse D-Ring Binders with DublLock",-1.81
CA-2015-109001,"Avery Round Ring Poly Binders",-1.79
CA-2016-126165,"Hon 61000 Series Interactive Training Tables",-1.78
US-2014-112564,"Wilson Jones Suede Grain Vinyl Binders",-1.75
CA-2015-113173,"Staple remover",-1.74
CA-2014-103086,"G.E. Longer-Life Indoor Recessed Floodlight Bulbs",-1.59
CA-2014-103492,"Avery Non-Stick Binders",-1.57
CA-2017-133067,"Black Avery Memo-Size 3-Ring Binder, 5 1/2" x 8 1/2"""",-1.54
CA-2017-169817,"Insertable Tab Indexes For Data Binders",-1.53
US-2016-155173,"Avery Self-Adhesive Photo Pockets for Polaroid Photos",-1.50
CA-2015-124800,"2300 Heavy-Duty Transfer File Systems by Perma",-1.50
CA-2015-126697,"Longer-Life Soft White Bulbs",-1.48
US-2016-131891,"Avery Triangle Shaped Sheet Lifters, Black, 2/Pack",-1.48
CA-2015-119690,"Avery Triangle Shaped Sheet Lifters, Black, 2/Pack",-1.48
US-2015-159499,"Belkin Standard 104 key USB Keyboard",-1.46
CA-2016-114727,"Round Ring Binders",-1.44
CA-2017-160045,"DAX Value U-Channel Document Frames, Easel Back",-1.44
US-2014-159926,"Peel & Stick Add-On Corner Pockets",-1.43
CA-2017-146024,"Staple remover",-1.40
US-2014-152723,"Acco 3-Hole Punch",-1.40
CA-2015-149636,"Recycled Pressboard Report Cover with Reinforced Top Hinge",-1.36
US-2015-160150,"Wilson Jones DublLock D-Ring Binders",-1.35
CA-2016-111976,"Rubber Band Ball",-1.35
CA-2016-168361,"Avery Durable Slant Ring Binders With Label Holder",-1.34
CA-2015-120901,"Staple remover",-1.32
CA-2017-122595,"Master Caster Door Stop, Gray",-1.32
CA-2014-101770,"Avery Hole Reinforcements",-1.31
CA-2017-119193,"Angle-D Ring Binders",-1.31
CA-2016-146521,"GBC Instant Report Kit",-1.29
CA-2015-109001,"Sony 16GB Class 10 Micro SDHC R40 Memory Card",-1.29
CA-2014-107811,"2300 Heavy-Duty Transfer File Systems by Perma",-1.25
US-2014-149034,"Logitech G105 Gaming Keyboard",-1.19
US-2017-102288,"Hoover Replacement Belt for Commercial Guardsman Heavy-Duty Upright Vacuum",-1.11
US-2014-139500,"SAFCO Optional Arm Kit for Workspace Cribbage Stacking Chair",-1.07
US-2015-168935,"Logitech Media Keyboard K200",-1.05
CA-2017-133102,"Acco Side-Punched Conventional Columnar Pads",-1.04
US-2017-156909,"Global Deluxe Stacking Chair, Gray",-1.02
CA-2017-155642,"C-Line Cubicle Keepers Polyproplyene Holder With Velcro Backings",-0.99
CA-2017-149489,"Avery Reinforcements for Hole-Punch Pages",-0.99
CA-2017-124114,"Acco Suede Grain Vinyl Round Ring Binder",-0.95
CA-2014-169257,"Presstex Flexible Ring Binders",-0.91
CA-2017-123491,"Global Leather Task Chair, Black",-0.90
CA-2017-112865,"KeyTronic KT800P2 - Keyboard - Black",-0.90
CA-2015-105725,"Hon 61000 Series Interactive Training Tables",-0.89
CA-2014-112718,"Avery Binder Labels",-0.86
CA-2016-165218,"Acco Perma 4000 Stacking Storage Drawers",-0.81
US-2017-100209,"Wilson Jones Easy Flow II Sheet Lifters",-0.79
US-2016-123750,"Woodgrain Magazine Files by Perma",-0.77
US-2016-110156,"GE General Purpose, Extra Long Life, Showcase & Floodlight Incandescent Bulbs",-0.76
US-2015-106495,"Belkin Standard 104 key USB Keyboard",-0.73
CA-2017-167871,"Staple remover",-0.66
CA-2017-127705,"Cush Cases Heavy Duty Rugged Cover Case for Samsung Galaxy S5 - Purple",-0.64
US-2015-122140,"Kingston Digital DataTraveler 16GB USB 2.0",-0.63
US-2016-132577,"KeyTronic KT800P2 - Keyboard - Black",-0.60
CA-2014-112403,"Avery Round Ring Poly Binders",-0.60
CA-2017-156720,"Bagged Rubber Bands",-0.60
CA-2017-164168,"Maxell LTO Ultrium - 800 GB",-0.56
US-2017-139955,"Staple remover",-0.35
CA-2017-121125,"Tensor Brushed Steel Torchiere Floor Lamp",-0.34
CA-2015-129112,"Kingston Digital DataTraveler 16GB USB 2.0",-0.27
CA-2017-152485,"Acco Perma 3000 Stacking Storage Drawers",-0.21
