ProductName,TotalSales
"Canon imageCLASS 2200 Advanced Copier",61599.83
"Fellowes PB500 Electric Punch Plastic Comb Binding Machine with Manual Bind",27453.38
"Cisco TelePresence System EX90 Videoconferencing Unit",22638.48
"HON 5400 Series Task Chairs for Big and Tall",19066.65
"HP Designjet T520 Inkjet Large Format Printer - 24" Color"",18374.89
"GBC DocuBind P400 Electric Binding System",17965.07
"High Speed Automatic Electric Letter Opener",17030.31
"GBC Ibimaster 500 Manual ProClick Binding System",16437.17
"Ibico EPK-21 Electric Binding System",15875.92
"Riverside Palais Royal Lawyers Bookcase, Royale Cherry Finish",15610.97
"GBC DocuBind TL300 Electric Binding System",15338.52
"3D Systems Cube Printer, 2nd Generation, Magenta",14299.89
"Samsung Galaxy Mega 6.3",13943.67
"Lexmark MX611dhe Monochrome Laser Printer",13769.91
"Hewlett Packard LaserJet 3310 Copier",13079.78
"Apple iPhone 5",12996.60
"Martin Yale Chadless Opener Electric Letter Opener",12492.16
"Bretford Rectangular Conference Table Tops",11791.67
"DMI Eclipse Executive Suite Bookcases",11760.57
"Cubify CubeX 3D Printer Double Head Print",11099.95
"Honeywell Enviracaire Portable HEPA Air Cleaner for 17' x 22' Room",10402.49
"Chromcraft Bull-Nose Wood Oval Conference Tables & Bases",9587.05
"Bush Advantage Collection Racetrack Conference Table",9544.72
"Logitech G19 Programmable Gaming Keyboard",9241.00
"Plantronics CS510 - Over-the-Head monaural Wireless Headset System",9238.60
"Hon Deluxe Fabric Upholstered Stacking Chairs, Rounded Back",9076.06
"Canon Imageclass D680 Copier / Fax",8959.87
"SAFCO Arco Folding Chair",8700.30
"Tennsco 6- and 18-Compartment Lockers",8273.30
"Hon 4070 Series Pagoda Armless Upholstered Stacking Chairs",8022.58
"Cubify CubeX 3D Printer Triple Head Print",7999.98
"Okidata MB760 Printer",7834.40
"Global Troy Executive Leather Low-Back Tilter",7765.19
"Hon 4700 Series Mobuis Mid-Back Task Chairs with Adjustable Arms",7582.38
"Tennsco Double-Tier Lockers",7470.67
"Bady BDG101FRU Card Printer",7359.91
"Chromcraft Round Conference Tables",7267.90
"Global Commerce Series High-Back Swivel/Tilt Chairs",7181.49
"Wilson Electronics DB Pro Signal Booster",7160.00
"Fellowes PB300 Plastic Comb Binding Machine",7139.02
"Samsung Galaxy Note 2",7093.18
"Atlantic Metals Mobile 3-Shelf Bookcases, Custom Colors",7017.75
"Zebra ZM400 Thermal Label Printer",6965.70
"Logitech P710e Mobile Speakerphone",6794.47
"ClearOne CHATAttach 160 - speaker phone",6695.90
"Office Star - Professional Matrix Back Chair with 2-to-1 Synchro Tilt and Mesh Fabric Seat",6668.62
"Global Deluxe High-Back Manager's Chair",6548.95
"Balt Solid Wood Round Tables",6518.76
"Ibico Ibimaster 300 Manual Binding System",6513.41
"Hon Pagoda Stacking Chairs",6483.79
"Tennsco 16-Compartment Lockers with Coat Rack",6478.90
"Samsung Galaxy S III - 16GB - pebble blue (T-Mobile)",6439.82
"Hot File 7-Pocket, Floor Stand",6389.23
"Bretford CR4500 Series Slim Rectangular Table",6198.15
"GuestStacker Chair with Chrome Finish Legs",6171.21
"Hon GuestStacker Chair",5984.09
"Hon 94000 Series Round Tables",5982.83
"Bretford CR8500 Series Meeting Room Furniture",5974.61
"Mitel MiVoice 5330e IP Phone",5939.79
"Hon 4070 Series Pagoda Round Back Stacking Chairs",5906.03
"Polycom VVX 310 VoIP phone",5795.68
"Zebra GX420t Direct Thermal/Thermal Transfer Printer",5787.36
"Global Leather and Oak Executive Chair, Black",5688.52
"Hoover Upright Vacuum With Dirt Cup",5674.79
"Canon PC940 Copier",5669.88
"Bretford “Just In Time” Height-Adjustable Multi-Task Work Tables",5634.90
"Hon Olson Stacker Chairs",5427.99
"Atlantic Metals Mobile 5-Shelf Bookcases, Custom Colors",5252.10
"Global Leather Executive Chair",5229.74
"Swingline SM12-08 MicroCut Jam Free Shredder",5204.24
"Global Comet Stacking Arm Chair",5196.87
"Atlantic Metals Mobile 4-Shelf Bookcases, Custom Colors",5184.09
"Office Impressions End Table, 20-1/2"H x 24""W x 20""D"",5163.92
"Cisco Unified IP Phone 7945G VoIP phone",5161.64
"Logitech diNovo Edge Keyboard",5149.79
"Samsung Galaxy S4",5133.12
"Safco Contoured Stacking Chairs",5125.60
"Adjustable Depth Letter/Legal Cart",5117.17
"Chromcraft 48" x 96"" Racetrack Double Pedestal Table"",5098.17
"Bevis Oval Conference Table, Walnut",5089.11
"Hon Every-Day Series Multi-Task Chairs",5075.46
"Global Ergonomic Managers Chair",4922.66
"Apple iPhone 5S",4901.91
"Ativa V4110MDD Micro-Cut Shredder",4899.93
"Global High-Back Leather Tilter, Burgundy",4895.00
"Hon Olson Stacker Stools",4843.87
"Iceberg Mobile Mega Data/Printer Cart",4789.13
"Smead Adjustable Mobile File Trolley with Lockable Top",4778.77
"Wilson SignalBoost 841262 DB PRO Amplifier Kit",4751.34
"Hewlett Packard 610 Color Digital Copier / Printer",4699.90
"Polycom CX600 IP Phone VoIP phone",4619.23
"Standard Rollaway File with Lock",4612.87
"O'Sullivan 2-Door Barrister Bookcase in Odessa Pine",4578.80
"Hon 5100 Series Wood Tables",4568.38
"Bevis Round Bullnose 29" High Table Top"",4544.93
"Global Leather Highback Executive Chair with Pneumatic Height Adjustment, Black",4542.16
"Hon Multipurpose Stacking Arm Chairs",4505.28
"Sanyo 2.5 Cubic Foot Mid-Size Office Refrigerators",4476.96
"Riverside Furniture Oval Coffee Table, Oval End Table, End Table with Drawer",4446.18
"GBC DocuBind 300 Electric Binding Machine",4365.63
"Lifetime Advantage Folding Chairs, 4/Carton",4339.79
"Hon Practical Foundations 30 x 60 Training Table, Light Gray/Charcoal",4334.83
"Bevis 36 x 72 Conference Tables",4332.26
"Deluxe Rollaway Locking File with Drawer",4325.15
"Hoover Shoulder Vac Commercial Portable Vacuum",4293.85
"Cisco 9971 IP Video Phone Charcoal",4268.00
"Sanyo Counter Height Refrigerator with Crisper, 3.6 Cubic Foot, Stainless Steel/Black",4265.82
"Samsung Galaxy S4 Mini",4229.91
"Office Star - Mid Back Dual function Ergonomic High Back Chair with 2-Way Adjustable Arms",4185.49
"Fellowes PB200 Plastic Comb Binding Machine",4181.76
"Ibico Hi-Tech Manual Binding System",4132.63
"Chromcraft Rectangular Conference Tables",4099.58
"SAFCO Boltless Steel Shelving",4091.05
"Tennsco Single-Tier Lockers",4053.67
"Sharp AL-1530CS Digital Copier",3999.92
"Samsung Galaxy S4 Active",3999.92
"Canon imageCLASS MF7460 Monochrome Digital Laser Multifunction Copier",3991.98
"Office Star - Contemporary Swivel Chair with Padded Adjustable Arms and Flex Back",3989.73
"Polycom SoundStation2 EX Conference phone",3968.51
"Hon Racetrack Conference Tables",3963.90
"Logitech Z-906 Speaker sys - home theater - 5.1-CH",3959.88
"KI Adjustable-Height Table",3942.17
"Hon 2090 “Pillow Soft” Series Mid Back Swivel/Tilt Chairs",3933.71
"Honeywell Enviracaire Portable HEPA Air Cleaner for 16' x 20' Room",3855.18
"Tennsco Stur-D-Stor Boltless Shelving, 5 Shelves, 24" Deep",3842.80
"High-Back Leather Manager's Chair",3808.71
"Hon Non-Folding Utility Tables",3775.65
"SAFCO PlanMaster Heigh-Adjustable Drafting Table Base, 43w x 30d x 30-37h, Black",3739.12
"Cisco SPA301",3681.36
"Dual Level, Single-Width Filing Carts",3628.40
"Bush Cubix Conference Tables, Fully Assembled",3603.29
"Canon PC1080F Personal Copier",3599.94
"Wireless Extenders zBoost YX545 SOHO Signal Booster",3590.81
"24 Capacity Maxi Data Binder Racks, Pearl",3537.24
"GBC DocuBind 200 Manual Binding Machine",3536.24
"Global Commerce Series Low-Back Swivel/Tilt Chairs",3520.63
"Nortel Meridian M3904 Professional Digital phone",3510.97
"Hon Rectangular Conference Tables",3481.51
"Tennsco Snap-Together Open Shelving Units, Starter Sets and Add-On Units",3465.55
"Global Adaptabilites Bookcase, Cherry/Storm Gray Finish",3447.84
"Fellowes Officeware Wire Shelving",3431.51
"Aastra 57i VoIP phone",3426.14
"Brother DCP1000 Digital 3 in 1 Multifunction Machine",3419.89
"Hewlett-Packard Desktjet 6988DT Refurbished Printer",3404.50
"Bush Advantage Collection Round Conference Table",3401.60
"Razer Tiamat Over Ear 7.1 Surround Sound PC Gaming Headset",3399.83
"Motorola L703CM",3338.19
"Bush Andora Bookcase, Maple/Graphite Gray Finish",3317.72
"Bush Heritage Pine Collection 5-Shelf Bookcase, Albany Pine Finish, *Special Order",3266.51
"Hewlett Packard 310 Color Digital Copier",3239.89
"Global Executive Mid-Back Manager's Chair",3229.88
"GBC ProClick 150 Presentation Binding System",3222.99
"Polycom VoiceStation 500 Conference phone",3185.46
"Hon 2111 Invitation Series Corner Table",3140.56
"O'Sullivan Living Dimensions 5-Shelf Bookcases",3067.20
"Panasonic KX-TG9541B DECT 6.0 Digital 2-Line Expandable Cordless Phone With Digital Answering System",3059.80
"Hewlett-Packard Deskjet 3050a All-in-One Color Inkjet Printer",3040.00
"Canon PC-428 Personal Copier",3039.85
"Acco 7-Outlet Masterpiece Power Center, Wihtout Fax/Phone Line Protection",3039.50
"Fellowes Super Stor/Drawer Files",3037.14
"Canon Image Class D660 Copier",2999.95
"Global Wood Trimmed Manager's Task Chair, Khaki",2984.15
"Geemarc AmpliPOWER60",2969.60
"3.6 Cubic Foot Counter Height Office Refrigerator",2946.19
"WD My Passport Ultra 2TB Portable External Hard Drive",2927.40
"O'Sullivan Living Dimensions 3-Shelf Bookcases",2904.16
"Letter Size Cart",2885.77
"Kensington 7 Outlet MasterPiece Power Center",2883.28
"Fellowes Strictly Business Drawer File, Letter/Legal Size",2873.34
"SAFCO Commercial Wire Shelving, Black",2873.31
"Global Adaptabilities Conference Tables",2866.00
"Bose SoundLink Bluetooth Speaker",2865.60
"Google Nexus 5",2843.84
"Bevis 44 x 96 Conference Tables",2841.42
"Premier Automatic Letter Opener",2836.36
"Fellowes Stor/Drawer Steel Plus Storage Drawers",2824.73
"GE 30524EE4",2822.26
"Luxo Professional Fluorescent Magnifier Lamp with Clamp-Mount Base",2811.85
"Polycom SoundPoint IP 450 VoIP phone",2800.67
"Tenex Antistatic Computer Chair Mats",2769.88
"Maxell iVDR EX 500GB Cartridge",2755.40
"Nortel Meridian M5316 Digital phone",2744.87
"Fellowes Staxonsteel Drawer Files",2704.38
"Bevis Round Conference Table Top, X-Base",2671.43
"Global Highback Leather Tilter in Burgundy",2647.82
"Chromcraft Bull-Nose Wood 48" x 96"" Rectangular Conference Tables"",2644.71
"Dot Matrix Printer Tape Reel Labels, White, 5000/Box",2634.70
"Motorola Droid Maxx",2609.82
"Electrix Architect's Clamp-On Swing Arm Lamp, Black",2577.42
"Economy Rollaway Files",2544.08
"Fellowes Powershred HS-440 4-Sheet High Security Shredder",2541.84
"Global Manager's Adjustable Task Chair, Storm",2536.47
"DMI Arturo Collection Mission-style Design Wood Chair",2536.46
"Sharp 1540cs Digital Laser Copier",2529.95
"SAFCO PlanMaster Boards, 60w x 37-1/2d, White Melamine",2523.04
"Xerox WorkCentre 6505DN Laser Multifunction Printer",2519.96
"Logitech VX Revolution Cordless Laser Mouse for Notebooks (Black)",2519.86
"Lesro Round Back Collection Coffee Table, End Table",2519.19
"Toshiba IPT2010-SD IP Telephone",2501.82
"1.7 Cubic Foot Compact "Cube"" Office Refrigerators"",2497.92
"Imation Bio 8GB USB Flash Drive Imation Corp",2493.60
"Rush Hierlooms Collection 1" Thick Stackable Bookcases"",2487.76
"Office Star - Contemporary Task Swivel chair with Loop Arms, Charcoal",2462.42
"Electrix Halogen Magnifier Lamp",2448.18
"Global Fabric Manager's Chair, Dark Gray",2423.52
"Situations Contoured Folding Chairs, 4/Set",2413.31
"Ibico EB-19 Dual Function Manual Binding System",2404.56
"Panasonic KX MB2061 Multifunction Printer",2396.40
"Compact Automatic Electric Letter Opener",2386.20
"Enermax Acrylux Wireless Keyboard",2350.56
"3D Systems Cube Printer, 2nd Generation, White",2339.98
"Global Comet Stacking Armless Chair",2332.59
"Fellowes High-Stak Drawer Files",2325.71
"Bevis Round Conference Table Top & Single Column Base",2297.54
"Fellowes Bankers Box Staxonsteel Drawer File/Stacking System",2287.29
"O'Sullivan 4-Shelf Bookcase in Odessa Pine",2280.47
"Xiaomi Mi3",2279.96
"Digium D40 VoIP phone",2270.22
"Kensington 7 Outlet MasterPiece HOMEOFFICE Power Control Center",2229.04
"Plantronics HL10 Handset Lifter",2227.01
"Konftel 250 Conference phone - Charcoal black",2221.59
"Office Impressions Heavy Duty Welded Shelving & Multimedia Storage Drawers",2174.51
"Global Value Mid-Back Manager's Chair, Gray",2165.77
"O'Sullivan Living Dimensions 2-Shelf Bookcases",2159.49
"GBC DocuBind P100 Manual Binding Machine",2157.74
"Samsung Galaxy Note 3",2155.90
"Bevis Boat-Shaped Conference Table",2149.29
"Global Value Steno Chair, Gray",2107.67
"Imation Bio 2GB USB Flash Drive Imation Corp",2098.88
"Chromcraft Bull-Nose Wood Round Conference Table Top, Wood Base",2091.35
"Kensington 4 Outlet MasterPiece Compact Power Control Center",2081.79
"Cisco 8x8 Inc. 6753i IP Business Phone System",2051.85
"Hon 2111 Invitation Series Straight Table",2040.05
"Premier Electric Letter Opener",2039.14
"Pyle PMP37LED",2034.99
"Bevis Traditional Conference Table Top, Plinth Base",2033.50
"Global Enterprise Series Seating High-Back Swivel/Tilt Chairs",2032.35
"Okidata C610n Printer",2011.90
"Space Solutions HD Industrial Steel Shelving.",2000.48
"Cisco IP Phone 7961G-GE VoIP phone",1992.54
"Harbour Creations Steel Folding Chair",1975.12
"Hon Mobius Operator's Chair",1967.84
"KI Conference Tables",1963.65
"Hoover WindTunnel Plus Canister Vacuum",1961.55
"ShoreTel ShorePhone IP 230 VoIP phone",1960.28
"BPI Conference Tables",1949.77
"Safco Industrial Wire Shelving System",1946.97
"Harmony Air Purifier",1946.70
"AT&T CL83451 4-Handset Telephone",1936.30
"StarTech.com 10/100 VDSL2 Ethernet Extender Kit",1931.11
"Panasonic KX T7731-B Digital phone",1928.68
"Logitech Wireless Headset h800",1919.81
"Logitech Mobile Speakerphone P710e - speaker phone",1916.71
"Global Super Steno Chair",1910.00
"Sauder Camden County Collection Libraries, Planked Cherry Finish",1909.82
"Polycom SoundPoint Pro SE-225 Corded phone",1903.84
"Avanti 4.4 Cu. Ft. Refrigerator",1882.19
"Gould Plastics 18-Pocket Panel Bin, 34w x 5-1/4d x 20-1/2h",1858.20
"Iceberg OfficeWorks 42" Round Tables"",1857.05
"Okidata C331dn Printer",1814.80
"Mitel 5320 IP Phone VoIP phone",1814.30
"Sauder Inglewood Library Bookcases",1812.39
"Stur-D-Stor Shelving, Vertical 5-Shelf: 72"H x 36""W x 18 1/2""D"",1775.68
"Cisco SPA 502G IP Phone",1775.26
"Tennsco Regal Shelving Units",1764.53
"Honeywell Quietcare HEPA Air Cleaner",1761.76
"Hon Deluxe Fabric Upholstered Stacking Chairs",1732.26
"Lesro Sheffield Collection Coffee Table, End Table, Center Table, Corner Table",1727.16
"Jabra BIZ 2300 Duo QD Duo Corded Headset",1727.07
"Sauder Facets Collection Locker/File Cabinet, Sky Alder Finish",1706.51
"BoxOffice By Design Rectangular and Half-Moon Meeting Room Tables",1706.25
"Avery Arch Ring Binders",1696.98
"Global Leather & Oak Executive Chair, Burgundy",1689.97
"Hon Comfortask Task/Swivel Chairs",1686.90
"ClearOne Communications CHAT 70 OC Speaker Phone",1685.30
"Fellowes Mobile File Cart, Black",1678.86
"Eureka The Boss Plus 12-Amp Hard Box Upright Vacuum, Red",1674.40
"NETGEAR AC1750 Dual Band Gigabit Smart WiFi Router",1663.90
"Plantronics S12 Corded Telephone Headset System",1659.97
"Plantronics Audio 995 Wireless Stereo Headset",1649.25
"Office Star Flex Back Scooter Chair with Aluminum Finish Frame",1644.51
"GBC DocuBind TL200 Manual Binding Machine",1635.05
"Motorola Moto X",1631.95
"Global Push Button Manager's Chair, Indigo",1631.85
"Carina Mini System Audio Rack, Model AR050B",1620.31
"Jabra SPEAK 410",1616.63
"Wi-Ex zBoost YX540 Cellular Phone Signal Booster",1605.45
"Sensible Storage WireTech Storage Systems",1589.96
"AT&T 1080 Phone",1589.08
"Jawbone MINI JAMBOX Wireless Bluetooth Speaker",1588.97
"GBC DocuBind P50 Personal Binding Machine",1586.70
"Tenex 46" x 60"" Computer Anti-Static Chairmat",1547.31
"Luxo Adjustable Task Clamp Lamp",1545.82
"Avaya 5420 Digital phone",1538.89
"Logitech Wireless Gaming Headset G930",1535.90
"Eureka Sanitaire  Commercial Upright",1524.53
"Belkin 5 Outlet SurgeMaster Power Centers",1514.54
"GE 48" Fluorescent Tube",1508.29
"LG G2",1499.97
"Space Solutions Commercial Steel Shelving",1499.88
"Microsoft Natural Keyboard Elite",1497.00
"Ativa D5772 2-Line 5.8GHz Digital Expandable Corded/Cordless Phone System with Answering & Caller ID/Call Waiting, Black/Silver",1484.91
"Deflect-o DuraMat Antistatic Studded Beveled Mat for Medium Pile Carpeting",1474.76
"Kensington 7 Outlet MasterPiece Power Center with Fax/Phone Line Protection",1473.11
"Kensington Expert Mouse Optical USB Trackball for PC or Mac",1462.85
"NETGEAR N750 Dual Band Wi-Fi Gigabit Router",1458.00
"Howard Miller 14-1/2" Diameter Chrome Round Wall Clock"",1451.18
"SAFCO Commercial Wire Shelving, 72h",1445.26
"Jabra Supreme Plus Driver Edition Headset",1439.88
"First Data FD10 PIN Pad",1406.20
"Office Star - Contemporary Task Swivel Chair",1398.34
"Bestar Classic Bookcase",1397.85
"Hewlett-Packard Deskjet 6540 Color Inkjet Printer",1396.21
"Avaya IP Phone 1140E VoIP phone",1394.95
"Jawbone JAMBOX Wireless Bluetooth Speaker",1390.31
"Cisco IP Phone 7961G VoIP phone - Dark gray",1386.69
"Adtran 1202752G1",1385.89
"Belkin 7 Outlet SurgeMaster II",1381.76
"Cisco SPA525G2 5-Line IP Phone",1379.92
"Razer Kraken PRO Over Ear PC and Music Headset",1375.83
"Sauder Camden County Collection Library",1368.26
"O'Sullivan Plantations 2-Door Library in Landvery Oak",1366.66
"Airmail Envelopes",1359.67
"Iceberg Nesting Folding Chair, 19w x 6d x 43h",1356.53
"Avanti 1.7 Cu. Ft. Refrigerator",1353.13
"Panasonic KX MC6040 Color Laser Multifunction Printer",1349.85
"Deflect-o RollaMat Studded, Beveled Mat for Medium Pile Carpeting",1346.56
"Recycled Data-Pak for Archival Bound Computer Printouts, 12-1/2 x 12-1/2 x 16",1323.79
"Tenex Traditional Chairmats for Medium Pile Carpet, Standard Lip, 36" x 48"""",1322.17
"Honeywell Enviracaire Portable HEPA Air Cleaner for up to 10 x 16 Room",1320.17
"Eldon Cleatmat Plus Chair Mats for High Pile Carpets",1304.13
"Tenex Chairmat w/ Average Lip, 45" x 53"""",1301.70
"Hon 30" x 60"" Table with Locking Drawer"",1296.03
"GBC Recycled Regency Composition Covers",1291.25
"Fellowes Recycled Storage Drawers",1287.95
"AT&T 1080 Corded phone",1287.71
"Star Micronics TSP800 TSP847IIU Receipt Printer",1286.85
"Vtech CS6719",1286.26
"Howard Miller 13-3/4" Diameter Brushed Chrome Round Wall Clock"",1282.88
"Harbour Creations 67200 Series Stacking Chairs",1274.12
"Luxo Professional Magnifying Clamp-On Fluorescent Lamps",1268.92
"Hon Deluxe Fabric Upholstered Stacking Chairs, Squared Back",1268.69
"Holmes Replacement Filter for HEPA Air Cleaner, Very Large Room, HEPA Filter",1245.47
"Tripp Lite Isotel 6 Outlet Surge Protector with Fax/Modem Protection",1243.78
"AT&T 841000 Phone",1242.00
"Hunt PowerHouse Electric Pencil Sharpener, Blue",1238.15
"Laminate Occasional Tables",1233.04
"Cameo Buff Policy Envelopes",1219.71
"Epson TM-T88V Direct Thermal Printer - Monochrome - Desktop",1212.71
"BlackBerry Q10",1209.51
"Mini 13-1/2 Capacity Data Binder Rack, Pearl",1204.01
"Jabra SPEAK 410 Multidevice Speakerphone",1194.74
"Trav-L-File Heavy-Duty Shuttle II, Black",1193.81
"Ames Color-File Green Diamond Border X-ray Mailers",1192.52
"Enermax Aurora Lite Keyboard",1172.25
"Novimex Fabric Task Chair",1170.82
"Logitech G35 7.1-Channel Surround Sound Headset",1169.91
"Logitech G430 Surround Sound Gaming Headset with Dolby 7.1 Technology",1167.85
"Boston Heavy-Duty Trimline Electric Pencil Sharpeners",1166.44
"Bush Andora Conference Table, Maple/Graphite Gray Finish",1162.67
"Novimex Swivel Fabric Task Chair",1162.55
"GE 30522EE2",1159.90
"Logitech K350 2.4Ghz Wireless Keyboard",1154.67
"GE 2-Jack Phone Line Splitter",1153.55
"Multicolor Computer Printout Paper",1153.35
"Microsoft Sculpt Comfort Mouse",1150.56
"Leather Task Chair, Black",1146.35
"Logitech G700s Rechargeable Gaming Mouse",1139.88
"AT&T TR1909W",1133.91
"Carina Double Wide Media Storage Towers in Natural & Black",1133.72
"Safco Industrial Wire Shelving",1132.68
"Global Airflow Leather Mesh Back Chair, Black",1132.35
"Canon PC1060 Personal Laser Copier",1119.98
"Logitech G500s Laser Gaming Mouse with Adjustable Weight Tuning",1119.84
"Tenex "The Solids"" Textured Chair Mats"",1119.36
"O'Sullivan 3-Shelf Heavy-Duty Bookcases",1119.20
"Hunt BOSTON Model 1606 High-Volume Electric Pencil Sharpener, Beige",1113.02
"SAFCO Mobile Desk Side File, Wire Frame",1111.76
"Plantronics Voyager Pro HD - Bluetooth Headset",1091.84
"Barricks 18" x 48"" Non-Folding Utility Table with Bottom Storage Shelf"",1088.64
"Panasonic KX TS208W Corded phone",1087.58
"Global Deluxe Steno Chair",1085.41
"RCA Visys Integrated PBX 8-Line Router",1085.24
"Bevis Steel Folding Chairs",1084.24
"Belkin 19" Vented Equipment Shelf",1081.08
"O'Sullivan Elevations Bookcase, Cherry Finish",1074.03
"O'Sullivan Cherrywood Estates Traditional Barrister Bookcase",1072.34
"Xerox 1941",1069.47
"Padded Folding Chairs, Black, 4/Carton",1068.94
"Nortel Networks T7316 E Nt8 B27",1060.64
"Satellite Sectional Post Binders",1054.86
"Advantus Rolling Drawer Organizers",1054.35
"Advantus 10-Drawer Portable Organizer, Chrome Metal Frame, Smoke Drawers",1051.78
"Xerox 1881",1040.30
"Global Low Back Tilter Chair",1040.09
"Wilson Jones Ledger-Size, Piano-Hinge Binder, 2"",1036.79
"Office Star - Ergonomically Designed Knee Chair",1036.55
"Star Micronics TSP100 TSP143LAN Receipt Printer",1035.80
"Office Star - Mesh Screen back chair with Vinyl seat",1034.74
"Kensington Orbit Wireless Mobile Trackball for PC and Mac",1031.83
"Okidata B400 Printer",1029.60
"Bush Westfield Collection Bookcases, Fully Assembled",1028.99
"Howard Miller 11-1/2" Diameter Ridgewood Wall Clock"",1028.41
"Luxo Professional Combination Clamp-On Lamps",1023.00
"Sauder Forest Hills Library with Doors, Woodland Oak Finish",1014.18
"Canon Color ImageCLASS MF8580Cdw Wireless Laser All-In-One Printer, Copier, Scanner",1007.98
"Sony Micro Vault Click 16 GB USB 2.0 Flash Drive",1007.82
"Eldon "L"" Workstation Diamond Chairmat"",1002.93
"Global Armless Task Chair, Royal Blue",1000.07
"Global Deluxe Office Fabric Chairs",998.19
"Easy-staple paper",996.28
"Global Geo Office Task Chair, Gray",987.95
"Panasonic KX TS3282W Corded phone",985.88
"Panasonic KX-TG9471B",979.95
"Howard Miller 13" Diameter Pewter Finish Round Wall Clock"",979.03
"Plantronics Audio 478 Stereo USB Headset",969.81
"Deflect-o Glass Clear Studded Chair Mats",957.57
"Logitech Gaming G510s - Keyboard",951.89
"Howard Miller 13-1/2" Diameter Rosebrook Wall Clock"",949.02
"SanDisk Cruzer 64 GB USB Flash Drive",944.32
"Snap-A-Way Black Print Carbonless Ruled Speed Letter, Triplicate",940.91
"Tripp Lite TLP810NET Broadband Surge for Modem/Fax",937.85
"Steel Personal Filing/Posting Tote",937.46
"Sauder Mission Library with Doors, Fruitwood Finish",935.20
"Office Star Flex Back Scooter Chair with White Frame",932.23
"GBC Twin Loop Wire Binding Elements",928.52
"Fellowes Bankers Box Stor/Drawer Steel Plus",927.42
"O'Sullivan Manor Hill 2-Door Library in Brianna Oak",923.00
"GBC ProClick Punch Binding System",921.31
"Xerox 1945",918.17
"Ativa MDM8000 8-Sheet Micro-Cut Shredder",917.90
"Belkin Premiere Surge Master II 8-outlet surge protector",913.30
"Logitech Wireless Marathon Mouse M705",909.81
"Eldon Antistatic Chair Mats for Low to Medium Pile Carpets",905.49
"Bush Westfield Collection Bookcases, Medium Cherry Finish",905.06
"LG Electronics Tone+ HBS-730 Bluetooth Headset",904.55
"Avery 4027 File Folder Labels for Dot Matrix Printers, 5000 Labels per Box, White",903.69
"APC 7 Outlet Network SurgeArrest Surge Protector",901.37
"Plantronics CS 50-USB - headset - Convertible, Monaural",897.53
"Eureka The Boss Lite 10-Amp Upright Vacuum, Blue",881.76
"Safco Chair Connectors, 6/Carton",881.19
"Ibico Plastic Spiral Binding Combs",878.56
"Balt Split Level Computer Training Table",874.13
"Novimex Turbo Task Chair",873.05
"Maxell 4.7GB DVD-R",868.43
"Tenex Contemporary Contur Chairmats for Low and Medium Pile Carpet, Computer, 39" x 49"""",865.85
"DYMO CardScan Personal V9 Business Card Scanner",863.94
"Boston 1645 Deluxe Heavier-Duty Electric Pencil Sharpener",862.01
"Bevis Rectangular Conference Tables",861.28
"netTALK DUO VoIP Telephone Service",860.84
"Global Stack Chair without Arms, Black",859.94
"Deflect-o EconoMat Studded, No Bevel Mat for Low Pile Carpeting",859.45
"Howard Miller 13" Diameter Goldtone Round Wall Clock"",854.31
"Recycled Steel Personal File for Standard File Folders",851.47
"Belkin 19" Center-Weighted Shelf",849.31
"GBC Prestige Therm-A-Bind Covers",833.73
"Fellowes Premier Superior Surge Suppressor, 10-Outlet, With Phone and Remote",831.64
"Balt Solid Wood Rectangular Table",828.10
"Bush Birmingham Collection Bookcase, Dark Cherry",825.17
"Recycled Steel Personal File for Hanging File Folders",824.11
"Tripp Lite Isotel 8 Ultra 8 Outlet Metal Surge",823.25
"3M Polarizing Task Lamp with Clamp Arm, Light Gray",821.88
"Imation Secure+ Hardware Encrypted USB 2.0 Flash Drive; 16GB",817.48
"Tyvek Side-Opening Peel & Seel Expanding Envelopes",814.32
"Ibico Laser Imprintable Binding System Covers",812.20
"Kensington 6 Outlet MasterPiece HOMEOFFICE Power Control Center",812.16
"Blue Parrot B250XT Professional Grade Wireless Bluetooth Headset with",809.89
"Global Stack Chair with Arms, Black",803.47
"Razer Kraken 7.1 Surround Sound Over Ear USB Gaming Headset",799.92
"Rubbermaid ClusterMat Chairmats, Mat Size- 66" x 60""",799.05
"Eldon Base for stackable storage shelf, platinum",794.38
"Howard Miller 12-3/4 Diameter Accuwave DS  Wall Clock",786.90
"Dana Halogen Swing-Arm Architect Lamp",786.63
"Global Italian Leather Office Chair",785.88
"Hon 4060 Series Tables",783.72
"White Computer Printout Paper by Universal",782.95
"Logitech Wireless Performance Mouse MX for PC and Mac",779.92
"Nortel Business Series Terminal T7208 Digital phone",778.35
"Hon Valutask Swivel Chairs",777.55
"Tenex Carpeted, Granite-Look or Clear Contemporary Contour Shape Chair Mats",763.67
"Logitech G105 Gaming Keyboard",759.94
"Fellowes 8 Outlet Superior Workstation Surge Protector",759.12
"LG Exalt",748.75
"Executive Impressions Supervisor Wall Clock",740.96
"Catalog Binders with Expanding Posts",740.08
"Imation Secure Drive + Hardware Encrypted USB flash drive - 16 GB",737.01
"Home/Office Personal File Carts",736.91
"Panasonic Kx-TS550",735.84
"Fellowes Bankers Box Recycled Super Stor/Drawer",734.13
"Carina Media Storage Towers in Natural & Black",731.76
"SanDisk Ultra 32 GB MicroSDHC Class 10 Memory Card",729.30
"Bush Cubix Collection Bookcases, Fully Assembled",729.23
"Global Leather Task Chair, Black",728.92
"Hon 4-Shelf Metal Bookcases",727.06
"Lexmark MarkNet N8150 Wireless Print Server",723.51
"Mophie Juice Pack Helium for iPhone",719.91
"Safco Value Mate Series Steel Bookcases, Baked Enamel Finish on Steel, Gray",716.90
"Safco Industrial Shelving",708.96
"HTC One Mini",705.54
"SAFCO Folding Chair Trolley",705.32
"Lock-Up Easel 'Spel-Binder'",704.69
"Zebra GK420t Direct Thermal/Thermal Transfer Printer",703.71
"Staple envelope",702.60
"Apple iPhone 5C",699.93
"Plantronics Cordless Phone Headset with In-line Volume - M214C",699.00
"GBC VeloBinder Manual Binding System",698.20
"Cisco CP-7937G Unified IP Conference Station Phone",695.70
"Grandstream GXP1160 VoIP phone",689.96
"Samsung Convoy 3",688.14
"Metal Folding Chairs, Beige, 4/Carton",685.59
"Tenex B1-RE Series Chair Mats for Low Pile Carpets",680.50
"Holmes Harmony HEPA Air Purifier for 17 x 20 Room",675.12
"Xerox 1893",672.24
"Belkin F9G930V10-GRY 9 Outlet Surge",663.15
"Panasonic KX T7736-B Digital phone",659.78
"Innergie mMini Combo Duo USB Travel Charging Kit",656.85
"Xerox 1919",655.84
"Eldon ClusterMat Chair Mat with Cordless Antistatic Protection",655.05
"Global Deluxe High-Back Office Chair in Storm",652.75
"Bush Westfield Collection Bookcases, Dark Cherry Finish",649.38
"Belkin 8 Outlet SurgeMaster II Gold Surge Protector with Phone Protection",647.84
"Howard Miller 11-1/2" Diameter Brentwood Wall Clock"",646.95
"Novimex High-Tech Fabric Mesh Task Chair",638.82
"Hon Metal Bookcases, Gray",638.82
"Advantus Employee of the Month Certificate Frame, 11 x 13-1/2",637.16
"Cisco Small Business SPA 502G VoIP phone",635.93
"Xerox 1891",635.83
"Xerox 1917",635.83
"Carina 42"Hx23 3/4""W Media Storage Unit"",631.64
"Xerox 1964",630.38
"AT&T 1070 Corded Phone",624.34
"Premium Transparent Presentation Covers, No Pattern/Clear, 8 1/2" x 11"""",620.48
"Deflect-o EconoMat Nonstudded, No Bevel Mat",619.80
"Xerox 1909",617.29
"Performers Binder/Pad Holder, Black",611.05
"Tyvek  Top-Opening Peel & Seel  Envelopes, Gray",610.98
"Sauder Barrister Bookcases",608.97
"Ooma Telo VoIP Home Phone System",604.75
"Plantronics Encore H101 Dual Earpieces Headset",602.33
"Blue String-Tie & Button Interoffice Envelopes, 10 x 13",599.70
"Eldon Portable Mobile Manager",599.54
"Hewlett-Packard Deskjet 5550 Printer",597.13
"Fellowes Command Center 5-outlet power strip",596.99
"File Shuttle II and Handi-File, Black",596.46
"Tuf-Vin Binders",593.71
"Fellowes Bases and Tops For Staxonsteel/High-Stak Systems",592.56
"GBC Therma-A-Bind 250T Electric Binding System",590.35
"DAX Wood Document Frame",589.00
"Xerox 1913",588.09
"Logitech 910-002974 M325 Wireless Mouse for Web Scrolling",587.80
"Xerox 1943",586.92
"TRENDnet 56K USB 2.0 Phone, Internet and Fax Modem",585.11
"Sony Micro Vault Click 8 GB USB 2.0 Flash Drive",582.68
"Fellowes Econo/Stor Drawers",581.58
"Fellowes Superior 10 Outlet Split Surge Protector",578.51
"Avery 477",573.96
"Riverside Furniture Stanwyck Manor Table Series",573.70
"Panasonic KP-150 Electric Pencil Sharpener",573.65
"First Data TMFD35 PIN Pad",571.20
"Green Canvas Binder for 8-1/2" x 14"" Sheets"",569.24
"BOSTON Ranger #55 Pencil Sharpener, Black",566.58
"Logitech MX Performance Wireless Mouse",566.44
"Belkin 8 Outlet Surge Protector",565.52
"Belkin F9M820V08 8 Outlet Surge",558.74
"Hoover Commercial Lightweight Upright Vacuum with E-Z Empty Dirt Cup",558.19
"White Dual Perf Computer Printout Paper, 2700 Sheets, 1 Part, Heavyweight, 20 lbs., 14 7/8 x 11",555.22
"Wilson Jones Heavy-Duty Casebound Ring Binders with Metal Hinges",554.24
"Xerox 1880",552.86
"Eldon ProFile File 'N Store Portable File Tub Letter/Legal Size Black",552.26
"Premium Transparent Presentation Covers by GBC",551.78
"Panasonic KP-380BK Classic Electric Pencil Sharpener",546.89
"Eldon Delta Triangular Chair Mat, 52" x 58""",546.19
"Maxell 4.7GB DVD-RW 3/Pack",546.14
"Panasonic Business Telephones KX-T7736",546.06
"Xerox 1916",545.32
"Logitech G602 Wireless Gaming Mouse",543.93
"Logitech G13 Programmable Gameboard with LCD Display",543.93
"Wilson Jones Elliptical Ring 3 1/2" Capacity Binders",543.56
"Memorex Mini Travel Drive 16 GB USB 2.0 Flash Drive",542.98
"Logitech Illuminated - Keyboard",539.91
"Vinyl Sectional Post Binders",539.11
"SanDisk Ultra 64 GB MicroSDHC Class 10 Memory Card",535.87
"Wilson Jones Century Plastic Molded Ring Binders",533.79
"Motorola HK250 Universal Bluetooth Headset",533.37
"iHome FM Clock Radio with Lightning Dock",531.93
"WD My Passport Ultra 500GB Portable External Hard Drive",531.00
"O'Sullivan 2-Shelf Heavy-Duty Bookcases",529.53
"Xerox 1960",520.46
"Eldon Mobile Mega Data Cart  Mega Stackable  Add-On Trays",520.30
"Space Solutions Industrial Galvanized Steel Shelving.",520.08
"Bevis Round Conference Room Tables and Bases",519.94
"Safco Steel Mobile File Cart",516.83
"Cisco SPA112 2 Port Phone Adapter",516.53
"Bionaire Personal Warm Mist Humidifier/Vaporizer",515.79
"Plantronics 81402",514.72
"Eureka The Boss Cordless Rechargeable Stick Vac",509.80
"AT&T 17929 Lendline Telephone",506.69
"Socket Bluetooth Cordless Hand Scanner (CHS)",506.28
"Xerox 1940",505.63
"Hypercom P1300 Pinpad",504.00
"Sony 64GB Class 10 Micro SDHC R40 Memory Card",503.86
"Panasonic KX-TG6844B Expandable Digital Cordless Telephone",501.52
"Fellowes 8 Outlet Superior Workstation Surge Protector w/o Phone/Fax/Modem Protection",497.58
"Motorola L804",496.69
Staples,496.63
"Binding Machine Supplies",492.97
"Tensor Computer Mounted Lamp",491.37
"Xerox 1910",490.01
"Rush Hierlooms Collection Rich Wood Bookcases",489.38
"GBC Recycled VeloBinder Covers",487.34
"Logitech ClearChat Comfort/USB Headset H390",486.21
"Xerox 1883",485.40
"Safco Commercial Shelving",483.71
"Sortfiler Multipurpose Personal File Organizer, Black",483.42
"Boston School Pro Electric Pencil Sharpener, 1670",483.29
"Safco Value Mate Steel Bookcase, Baked Enamel Finish on Steel, Black",482.66
"Xerox 1944",480.63
"Lexmark 20R1285 X6650 Wireless All-in-One Printer",480.00
"Cherry 142-key Programmable Keyboard",479.72
"Howard Miller 12" Round Wall Clock"",479.34
"Global Deluxe Stacking Chair, Gray",479.21
"Fellowes Super Stor/Drawer",477.30
"Samsung Rugby III",475.13
"Strathmore #10 Envelopes, Ultimate White",474.39
"Green Bar Computer Printout Paper",472.66
"Dexim XPower Skin Super-Thin Power Case for iPhone 5 - Black",467.92
"Seth Thomas 14" Day/Date Wall Clock"",467.07
"Gould Plastics 9-Pocket Panel Bin, 18-3/8w x 5-1/4d x 20-1/2h, Black",466.31
"Ricoh - Ink Collector Unit for GX3000 Series Printers",465.64
"Surelock Post Binders",464.51
"I Need's 3d Hello Kitty Hybrid Silicone Case Cover for HTC One X 4g with 3d Hello Kitty Stylus Pen Green/pink",464.05
"Electrix Fluorescent Magnifier Lamps & Weighted Base",463.80
"Maxell 74 Minute CD-R Spindle, 50/Pack",461.34
"Howard Miller 11-1/2" Diameter Grantwood Wall Clock"",457.18
"GE DSL Phone Line Filter",455.89
"Memorex Froggy Flash Drive 8 GB",454.40
"Acco Smartsocket Table Surge Protector, 6 Color-Coded Adapter Outlets",452.97
"Howard Miller Distant Time Traveler Alarm Clock",449.69
"Acco Smartsocket Color-Coded Six-Outlet AC Adapter Model Surge Protectors",448.91
"Hewlett-Packard Deskjet D4360 Printer",447.97
"GBC Recycled Grain Textured Covers",445.58
"Tyvek  Top-Opening Peel & Seel Envelopes, Plain White",440.31
"Wilson Jones Legal Size Ring Binders",439.80
"Belkin 8 Outlet SurgeMaster II Gold Surge Protector",437.85
"Tenex Personal Project File with Scoop Front Design, Black",436.75
"Maxell LTO Ultrium - 800 GB",436.64
"iKross Bluetooth Portable Keyboard + Cell Phone Stand Holder + Brush for Apple iPhone 5S 5C 5, 4S 4",435.76
"Memorex Mini Travel Drive 64 GB USB 2.0 Flash Drive",434.88
"Eldon Advantage Chair Mats for Low to Medium Pile Carpets",433.10
"Conquest 14 Commercial Heavy-Duty Upright Vacuum, Collection System, Accessory Kit",432.90
"Dixon Ticonderoga Core-Lock Colored Pencils, 48-Color Set",431.29
"Hon 61000 Series Interactive Training Tables",430.96
"Staples in misc. colors",425.75
"O'Sullivan Cherrywood Estates Traditional Bookcase",424.90
"GBC VeloBinder Electric Binding Machine",423.43
"Canvas Sectional Post Binders",422.64
"Eaton Premium Continuous-Feed Paper, 25% Cotton, Letter Size, White, 1000 Shts/Box",421.65
"Premier Elliptical Ring Binder, Black",420.07
"ClearSounds CSC500 Amplified Spirit Phone Corded phone",419.93
"Xerox 189",419.40
"Motorla HX550 Universal Bluetooth Headset",419.23
"RCA ViSYS 25825 Wireless digital phone",415.97
"9-3/4 Diameter Round Wall Clock",413.70
"Imation Clip USB flash drive - 8 GB",413.60
"Sauder Camden County Barrister Bookcase, Planked Cherry Finish",411.33
"#10 White Business Envelopes,4 1/8 x 9 1/2",410.56
"BOSTON Model 1800 Electric Pencil Sharpeners, Putty/Woodgrain",409.94
"Logitech Desktop MK120 Mouse and keyboard Combo",409.00
"C-Line Cubicle Keepers Polyproplyene Holder w/Velcro Back, 8-1/2x11, 25/Bx",405.08
"DAX Natural Wood-Tone Poster Frame",402.50
"Atlantic Metals Mobile 2-Shelf Bookcases, Custom Colors",400.02
"Logitech B530 USB Headset - headset - Full size, Binaural",399.49
"Lexmark X 9575 Professional All-in-One Color Printer",396.00
"Bush Somerset Collection Bookcase",392.94
"12-1/2 Diameter Round Wall Clock",391.61
"Cisco Desktop Collaboration Experience DX650 IP Video Phone",385.80
"OtterBox Commuter Series Case - Samsung Galaxy S4",384.84
"Logitech Wireless Boombox Speaker - portable - wireless, wired",383.04
"Xerox 191",379.62
"Mobile Personal File Cube",379.40
"AT&T EL51110 DECT",377.97
"O'Sullivan 5-Shelf Heavy-Duty Bookcases",376.92
"Belkin F9H710-06 7 Outlet SurgeMaster Surge Protector",376.80
"Computer Room Manger, 14""",376.77
"DataProducts Ampli Magnifier Task Lamp, Black,",373.43
"Xerox 1951",371.76
"DAX Black Cherry Wood-Tone Poster Frame",370.71
"Avery Trapezoid Ring Binder, 3" Capacity",368.82
"GBC Standard Therm-A-Bind Covers",368.82
"Acco Flexible ACCOHIDE Square Ring Data Binder, Dark Blue, 11 1/2" X 14"" 7/8"""",367.69
"Logitech Trackman Marble Mouse",365.88
"Plantronics MX500i Earset",360.78
"KeyTronic 6101 Series - Keyboard - Black",360.71
"Microsoft Arc Touch Mouse",359.70
"Southworth 25% Cotton Premium Laser Paper and Envelopes",359.64
"Cisco SPA525G2 IP Phone - Wireless",359.10
"Staple holder",358.21
"Seth Thomas 14" Putty-Colored Wall Clock"",357.95
"Adams Phone Message Book, Professional, 400 Message Capacity, 5 3/6” x 11”",357.32
"Boston 16801 Nautilus Battery Pencil Sharpener",356.57
"Eldon Image Series Desk Accessories, Burgundy",352.15
"Grandstream GXP2100 Mainstream Business Phone",351.85
"Jet-Pak Recycled Peel 'N' Seal Padded Mailers",351.72
"Rogers Profile Extra Capacity Storage Tub",351.54
"I.R.I.S IRISCard Anywhere 5 Card Scanner",350.97
"XtraLife ClearVue Slant-D Ring Binder, White, 3""",350.85
"Eldon Gobal File Keepers",348.22
"JBL Micro Wireless Portable Bluetooth Speaker",347.94
"Maxell Pro 80 Minute CD-R, 10/Pack",346.10
"2300 Heavy-Duty Transfer File Systems by Perma",344.72
"GBC Prepunched Paper, 19-Hole, for Binding Systems, 24-lb",343.73
"Brother MFC-9340CDW LED All-In-One Printer, Copier Scanner",341.99
"Classic Ivory Antique Telephone ZL1810",341.67
"Letter Size File",341.42
"Case Logic 2.4GHz Wireless Keyboard",339.93
"GBC Velobind Prepunched Cover Sets, Regency Series",336.52
"Wasp CCD Handheld Bar Code Reader",336.51
"Contico 72"H Heavy-Duty Storage System"",336.04
"Logitech Wireless Anywhere Mouse MX for PC and Mac",335.94
"Personal Filing Tote with Lid, Black/Gray",335.01
"Poly Designer Cover & Back",334.22
"Staple-based wall hangings",334.17
"Acme Hot Forged Carbon Steel Scissors with Nickel-Plated Handles, 3 7/8" Cut",333.60
"Holmes 99% HEPA Air Purifier",333.57
"Eldon Econocleat Chair Mats for Low Pile Carpets",331.76
"WD My Passport Ultra 1TB Portable External Hard Drive",331.20
"Sanford 52201 APSCO Electric Pencil Sharpener",327.76
"Hon Every-Day Chair Series Swivel Task Chairs",326.65
"Belkin F5C206VTEL 6 Outlet Surge",326.32
"Multimedia Mailers",325.86
"Logitech Wireless Touch Keyboard K400",324.87
"Companion Letter/Legal File, Black",324.74
"Memorex Micro Travel Drive 32 GB",321.29
"HTC One",319.97
"Konica Minolta magicolor 1690MF Multifunction Printer",319.92
"Xerox 1906",318.96
"Xerox 1886",316.14
"Deflect-o DuraMat Lighweight, Studded, Beveled Mat for Low Pile Carpeting",315.61
"Avery Trapezoid Extra Heavy Duty 4" Binders"",314.54
"Holmes Odor Grabber",314.36
"Memorex Micro Travel Drive 16 GB",313.40
"Lenovo 17-Key USB Numeric Keypad",312.71
"GBC Premium Transparent Covers with Diagonal Lined Pattern",310.50
"Acme 10" Easy Grip Assistive Scissors"",308.53
"Eldon Simplefile Box Office",308.51
"Fellowes Personal Hanging Folder Files, Navy",308.15
"V7 USB Numeric Keypad",307.91
"Fellowes Advanced Computer Series Surge Protectors",307.28
"Acme Box Cutter Scissors",306.90
"3M Replacement Filter for Office Air Cleaner for 20' x 33' Room",303.36
"Lexmark S315 Color Inkjet Printer",299.97
"Honeywell Enviracaire Portable Air Cleaner for up to 8 x 10 Room",299.20
"Globe Weis Peel & Seel First Class Envelopes",299.05
"Multi-Use Personal File Cart and Caster Set, Three Stacking Bins",298.94
"Personal Creations Ink Jet Cards and Labels",298.48
"Safco Drafting Table",298.12
"OtterBox Commuter Series Case - iPhone 5 & 5s",296.32
"White Envelopes, White Envelopes with Clear Poly Window",295.85
"Deflect-o SuperTray Unbreakable Stackable Tray, Letter, Black",291.80
"Acco 6 Outlet Guardian Premium Plus Surge Suppressor",289.45
"Xerox 1885",288.24
"Canon PC170 Desktop Personal Copier",287.91
"Nu-Dell Executive Frame",285.67
"White Business Envelopes with Contemporary Seam, Recycled White Business Envelopes",284.44
"Embossed Ink Jet Note Cards",284.38
"Iris 3-Drawer Stacking Bin, Black",284.11
"Acco 6 Outlet Guardian Premium Surge Suppressor",283.92
"Enermax Briskie RF Wireless Keyboard and Mouse Combo",282.47
"Trimflex Flexible Post Binders",282.21
"Boston 19500 Mighty Mite Electric Pencil Sharpener",282.10
"Lunatik TT5L-002 Taktik Strike Impact Protection System for iPhone 5",281.66
"GBC Durable Plastic Covers",280.58
"Perixx PERIBOARD-512B, Ergonomic Split Keyboard",279.92
"Anker Ultra-Slim Mini Bluetooth 3.0 Wireless Keyboard",279.86
"Fellowes Mighty 8 Compact Surge Protector",279.72
"Macally Suction Cup Mount",279.63
"Floodlight Indoor Halogen Bulbs, 1 Bulb per Pack, 60 Watts",279.36
"Flat Face Poster Frame",278.84
"Belkin 8-Outlet Premiere SurgeMaster II Surge Protectors",277.92
"Eldon Cleatmat Chair Mats for Medium Pile Carpets",277.50
"SimpliFile Personal File, Black Granite, 15w x 6-15/16d x 11-1/4h",276.94
"Nokia Lumia 521 (T-Mobile)",275.91
"Seth Thomas 12" Clock w/ Goldtone Case"",275.76
"Jackery Bar Premium Fast-charging Portable Charger",275.54
"Office Star - Contemporary Task Swivel chair with 2-way adjustable arms, Plum",275.06
"Xerox 1914",274.80
"Tennsco Industrial Shelving",273.90
"Fellowes Binding Cases",271.44
"Eldon Advantage Foldable Chair Mats for Low Pile Carpets",271.00
"Plastic Binding Combs",269.67
"Xerox 1938",268.24
"Stanley Contemporary Battery Pencil Sharpeners",267.00
"GBC White Gloss Covers, Plain Front",266.43
"SanDisk Cruzer 32 GB USB Flash Drive",266.28
"Hunt Boston Vacuum Mount KS Pencil Sharpener",265.92
"Deluxe Heavy-Duty Vinyl Round Ring Binder",265.88
"Boston Model 1800 Electric Pencil Sharpener, Gray",264.61
"Peel & Seel Recycled Catalog Envelopes, Brown",264.02
"Maxell DVD-RAM Discs",263.68
"Samsung HM1900 Bluetooth Headset",263.40
"Ibico Standard Transparent Covers",262.03
"Desktop 3-Pocket Hot File",259.68
"Imation 8GB Mini TravelDrive USB 2.0 Flash Drive",259.63
"Luxo Economy Swing Arm Lamp",259.22
"Xerox 1887",258.00
"Executive Impressions 14" Contract Wall Clock"",257.87
"Xerox 1882",257.51
"Tennsco Lockers, Sand",255.96
"Howard Miller 16" Diameter Gallery Wall Clock"",255.76
"Aluminum Screw Posts",253.31
"Xerox 1915",251.64
"Xerox Color Copier Paper, 11" x 17""",251.24
"Sony Micro Vault Click 4 GB USB 2.0 Flash Drive",250.92
"Alphabetical Labels for Top Tab Filing",248.64
"Belkin OmniView SE Rackmount Kit",248.36
"Jensen SMPS-640 - speaker phone",248.29
"Xerox 1935",247.97
"Safco Wire Cube Shelving System, For Use as 4 or 5 14" Cubes",247.88
"Belkin QODE FastFit Bluetooth Keyboard",247.80
"Southworth 100% Résumé Paper, 24lb.",247.41
"Panasonic KX - TS880B Telephone",247.32
"Bulldog Vacuum Base Pencil Sharpener",246.99
"Nu-Dell Leatherette Frames",246.65
"Fellowes Basic Home/Office Series Surge Protectors",246.62
"Contract Clock, 14"",246.17
"Prismacolor Color Pencil Set",246.01
"Seth Thomas 13 1/2" Wall Clock"",245.36
"Tops White Computer Printout Paper",244.55
"Executive Impressions 14""",244.53
"Brown Kraft Recycled Envelopes",244.51
"Aluminum Document Frame",244.40
"Fellowes Advanced 8 Outlet Surge Suppressor with Phone/Fax Protection",244.29
"Square Ring Data Binders, Rigid 75 Pt. Covers, 11" x 14-7/8"""",243.55
"Clear Mylar Reinforcing Strips",242.97
"Boston Electric Pencil Sharpener, Model 1818, Charcoal Black",242.09
"Quality Park Security Envelopes",240.77
"Tennsco Commercial Shelving",240.01
"Polycom CX300 Desktop Phone USB VoIP phone",239.98
"Global Chrome Stack Chair",239.96
"Anker Ultrathin Bluetooth Wireless Keyboard Aluminum Cover with Stand",239.92
"Kensington K72356US Mouse-in-a-Box USB Desktop Mouse",238.90
"Avery 485",238.07
"Cisco SPA508G",237.56
"Griffin GC17055 Auxiliary Audio Cable",237.47
"Large Capacity Hanging Post Binders",237.02
"Sterilite Officeware Hinged File Box",234.75
"Memorex Micro Travel Drive 8 GB",234.00
"Seth Thomas 16" Steel Case Clock"",233.86
"Pizazz Global Quick File",233.53
"Acco Six-Outlet Power Strip, 4' Cord Length",232.74
"Eldon Fold 'N Roll Cart System",232.07
"Adjustable Personal File Tote",231.18
"Acco Perma 4000 Stacking Storage Drawers",230.61
"Xerox 1937",230.59
"Tenex Personal Self-Stacking Standard File Box, Black/Gray",229.98
"Westinghouse Clip-On Gooseneck Lamps",229.34
"Tensor Track Tree Floor Lamp",227.89
"Imation 32GB Pocket Pro USB 3.0 Flash Drive - 32 GB - Black - 1 P ...",227.62
"Cisco 8961 IP Phone Charcoal",224.94
"Eldon Radial Chair Mat for Low to Medium Pile Carpets",223.89
"GBC VeloBind Cover Sets",223.88
"Acme Forged Steel Scissors with Black Enamel Handles",223.44
"HP Standard 104 key PS/2 Keyboard",223.30
"Seidio BD2-HK3IPH5-BK DILEX Case and Holster Combo for Apple iPhone 5/5s - Black",223.28
"Model L Table or Wall-Mount Pencil Sharpener",223.08
"Xerox 197",223.06
"Imation 8gb Micro Traveldrive Usb 2.0 Flash Drive",219.00
"Belkin Standard 104 key USB Keyboard",218.85
"Letter/Legal File Tote with Clear Snap-On Lid, Black Granite",218.42
"Wirebound Message Books, Four 2 3/4 x 5 White Forms per Page",218.09
"Spigen Samsung Galaxy S5 Case Wallet",217.47
"Fiskars 8" Scissors",217.23
"Eldon Expressions Desk Accessory, Wood Photo Frame, Mahogany",217.06
"Storex Dura Pro Binders",216.81
"#10- 4 1/8" x 9 1/2"" Recycled Envelopes"",216.75
"Logitech Wireless Headset H600 Over-The-Head Design",214.95
"Advantus Panel Wall Certificate Holder - 8.5x11",214.72
"Avery Binding System Hidden Tab Executive Style Index Sets",214.57
"Kingston Digital DataTraveler 32GB USB 2.0",213.57
"Cisco SPA 501G IP Phone",213.48
"Neat Ideas Personal Hanging Folder Files, Black",212.19
"Clearsounds A400",211.17
"Peel-Off China Markers",210.52
"Newell 345",210.31
"HP Officejet Pro 8600 e-All-In-One Printer, Copier, Scanner, Fax",209.99
"Sony 32GB Class 10 Micro SDHC R40 Memory Card",209.50
"Eldon Shelf Savers Cubes and Bins",209.40
"File Shuttle I and Handi-File",209.24
"Acco Perma 2700 Stacking Storage Drawers",208.18
"24-Hour Round Wall Clock",207.79
"Recycled Easel Ring Binders",207.38
"Global Enterprise Series Seating Low-Back Swivel/Tilt Chairs",207.18
"Maxell 4.7GB DVD+RW 3/Pack",207.09
"Epson Perfection V600 Photo Scanner",206.99
"Bush Mission Pointe Library",205.33
"Texas Instruments TI-34 Scientific Calculator",204.50
"Holmes Replacement Filter for HEPA Air Cleaner, Medium Room",203.94
"Dana Fluorescent Magnifying Lamp, White, 36""",203.92
"Avery Hi-Liter EverBold Pen Style Fluorescent Highlighters, 4/Pack",203.50
"Pyle PRT45 Retro Home Telephone",201.57
"Avery Address/Shipping Labels for Typewriters, 4" x 2"""",198.72
"Laser & Ink Jet Business Envelopes",198.46
"Xerox 1988",198.27
"Eureka Hand Vacuum, Bagless",197.72
"Panasonic KX TS3282B Corded phone",196.78
"Tops Green Bar Computer Printout Paper",195.76
"Xerox 1942",195.76
"Rogers Jumbo File, Granite",195.55
"Executive Impressions 14" Two-Color Numerals Wall Clock"",195.39
"GBC Pre-Punched Binding Paper, Plastic, White, 8-1/2" x 11"""",195.08
"Acme Galleria Hot Forged Steel Scissors with Colored Handles",195.05
"Career Cubicle Clock, 8 1/4"",194.69
"Decoflex Hanging Personal Folder File, Blue",194.29
"invisibleSHIELD by ZAGG Smudge-Free Screen Protector",194.29
"X-Rack File for Hanging Folders",194.19
"3M Polarizing Light Filter Sleeves",193.96
"Contemporary Wood/Metal Frame",193.91
"Verbatim 25 GB 6x Blu-ray Single Layer Recordable Disc, 25/Pack",193.11
"Hon Metal Bookcases, Black",193.07
"Avery 505",192.40
"Xerox 1982",191.86
"REDIFORM Incoming/Outgoing Call Register, 11" X 8 1/2""",191.82
"Hand-Finished Solid Wood Document Frame",191.69
"Xerox 1911",191.60
"Computer Printout Paper with Letter-Trim Fine Perforations",191.60
"Micro Innovations USB RF Wireless Keyboard with Mouse",190.00
"Computer Printout Paper with Letter-Trim Perforations",189.70
"White GlueTop Scratch Pads",186.50
"Belkin 6 Outlet Metallic Surge Strip",186.22
"Bionaire 99.97% HEPA Air Cleaner",185.71
"Acco Data Flex Cable Posts For Top & Bottom Load Binders, 6" Capacity"",185.66
"Martin-Yale Premier Letter Opener",185.47
"Avery 50",185.44
"Tennsco Lockers, Gray",184.62
"Xerox 1884",183.82
"Hanging Personal Folder File",182.12
"Boston 1799 Powerhouse Electric Pencil Sharpener",181.86
"SAFCO Optional Arm Kit for Workspace Cribbage Stacking Chair",181.15
"Fellowes Smart Surge Ten-Outlet Protector, Platinum",180.66
"Tenex Traditional Chairmats for Hard Floors, Average Lip, 36" x 48"""",180.46
"Okidata B401 Printer",179.99
"Project Tote Personal File",179.58
"Eldon Wave Desk Accessories",179.13
"Recycled Desk Saver Line "While You Were Out"" Book",179.00
"Advantus Rolling Storage Box",178.36
"Avaya 4621SW VoIP phone",177.48
"Belkin SportFit Armband For iPhone 5s/5c, Fuchsia",176.88
"#10-4 1/8" x 9 1/2"" Premium Diagonal Seam Envelopes"",176.29
"Griffin GC36547 PowerJolt SE Lightning Charger",175.41
"Acco PRESSTEX Data Binder with Storage Hooks, Dark Blue, 14 7/8" X 11"""",175.38
"GBC Wire Binding Strips",174.57
"Alliance Super-Size Bands, Assorted Sizes",174.27
"AT&T CL82213",173.94
"Xerox 19",173.49
"Staple magnet",171.45
"Logitech Illuminated Ultrathin Keyboard with Backlighting",170.97
"Kingston Digital DataTraveler 16GB USB 2.0",170.05
"Fellowes Neat Ideas Storage Cubes",168.89
"Electrix 20W Halogen Replacement Bulb for Zoom-In Desk Lamp",168.84
"36X48 HARDFLOOR CHAIRMAT",167.84
"Euro-Pro Shark Turbo Vacuum",167.29
"Southworth 25% Cotton Linen-Finish Paper & Envelopes",166.70
"Avery Recycled Flexi-View Covers for Binding Systems",165.11
"JM Magazine Binder",165.10
"Office Star - Task Chair with Contemporary Loop Arms",163.76
"Gear Head AU3700S Headset",163.67
"GE General Use Halogen Bulbs, 100 Watts, 1 Bulb per Pack",163.33
"Stanley Bostitch Contemporary Electric Pencil Sharpeners",163.01
"Acco Pressboard Covers with Storage Hooks, 14 7/8" x 11""",162.74
"Ibico Plastic and Wire Spiral Binding Combs",161.01
"Memorex Mini Travel Drive 32 GB USB 2.0 Flash Drive",160.00
"Adams Telephone Message Book w/Frequently-Called Numbers Space, 400 Messages per Book",159.60
"DAX Wood Document Frame.",159.27
"Belkin 7 Outlet SurgeMaster Surge Protector with Phone Protection",157.92
"Memorex Mini Travel Drive 8 GB USB 2.0 Flash Drive",157.49
"Coloredge Poster Frame",156.20
"Super Decoflex Portable Personal File",155.79
"Lumber Crayons",155.63
"Xerox 1918",155.04
"Xerox 1979",154.90
"Logitech Media Keyboard K200",153.96
"Fiskars Softgrip Scissors",153.72
"Avery Non-Stick Binders",153.56
"Southworth 25% Cotton Antique Laid Paper & Envelopes",153.46
"Berol Giant Pencil Sharpener",152.91
"Holmes HEPA Air Purifier",152.46
"PureGear Roll-On Screen Protector",151.92
"GBC Standard Recycled Report Covers, Clear Plastic Sheets",150.92
"Verbatim 25 GB 6x Blu-ray Single Layer Recordable Disc, 10/Pack",150.67
"Avery Heavy-Duty EZD View Binder with Locking Rings",150.57
"Anker Astro 15000mAh USB Portable Charger",149.97
"Sanford Prismacolor Professional Thick Lead Art Pencils, 36-Color Set",149.76
"Newell 312",147.17
"Heavy-Duty E-Z-D Binders",146.19
"Black & Decker Filter for Double Action Dustbuster Cordless Vac BLDV7210",145.99
"Ultra Door Pull Handle",145.18
"Wirebound Message Books, Four 2 3/4" x 5"" Forms per Page",144.61
"Logitech M510 Wireless Mouse",143.96
"iOttie XL Car Mount",143.93
"Tenex Chairmats For Use With Carpeted Floors",143.82
"Kensington 6 Outlet Guardian Standard Surge Protector",143.36
"GBC Imprintable Covers",142.74
"Executive Impressions 12" Wall Clock"",141.36
"Wirebound Message Book, 4 per Page",141.18
"Linden 10" Round Wall Clock",140.58
"Wilson Jones Leather-Like Binders with DublLock Round Rings",140.55
"Micropad Numeric Keypads",139.93
"Advantus Push Pins, Aluminum Head",139.44
"Sony 16GB Class 10 Micro SDHC R40 Memory Card",139.21
"GBC Twin Loop Wire Binding Elements, 9/16" Spine",138.51
"i.Sound Portable Power - 8000 mAh",137.77
"Barricks Non-Folding Utility Table with Steel Legs, Laminate Tops",136.46
"GBC Clear Cover, 8-1/2 x 11, unpunched, 25 covers per pack",136.44
"Deluxe Chalkboard Eraser Cleaner",136.29
"Eldon Image Series Desk Accessories, Ebony",135.85
"Xerox 1933",135.08
"Avery 473",134.55
"Avery Premier Heavy-Duty Binder with Round Locking Rings",134.23
"DAX Executive Solid Wood Document Frame, Desktop or Hang, Mahogany, 5 x 7",133.35
"Avery 475",133.20
"OtterBox Defender Series Case - iPhone 5c",133.13
"Speck Products Candyshell Flip Case",132.96
"SanDisk Ultra 16 GB MicroSDHC Class 10 Memory Card",132.50
"Anker 36W 4-Port USB Wall Charger Travel Power Adapter for iPhone 5s 5c 5",131.94
"Xerox 1889",131.90
"Hewlett-Packard 300S Scientific Calculator",131.10
Crate-A-Files,130.80
"Logitech Keyboard K120",130.68
"Flexible Leather- Look Classic Collection Ring Binder",130.68
"Round Specialty Laser Printer Labels",130.31
"Speediset Carbonless Redi-Letter 7" x 8 1/2"""",129.91
"DAX Contemporary Wood Frame with Silver Metal Mat, Desktop, 11 x 14 Size",129.54
"Acco Perma 3000 Stacking Storage Drawers",128.45
"Dixon Ticonderoga Core-Lock Colored Pencils",127.54
"Holmes Replacement Filter for HEPA Air Cleaner, Large Room",127.37
"Angle-D Binders with Locking Rings, Label Holders",127.02
"VTech DS6151",125.99
"Mediabridge Sport Armband iPhone 5s",125.87
"Eldon Expressions Punched Metal & Wood Desk Accessories, Black & Cherry",125.69
"Xerox 1912",125.20
"4009 Highlighters by Sanford",124.97
"DXL Angle-View Binders with Locking Rings, Black",124.60
"6" Cubicle Wall Clock",124.59
"Black Print Carbonless Snap-Off Rapid Letter, 8 1/2" x 7"""",123.90
"Adams Phone Message Book, 200 Message Capacity, 8 1/16” x 11”",123.84
"Elite 5" Scissors"",123.37
"Xerox 1929",123.34
"Standard Line “While You Were Out” Hardbound Telephone Message Book",123.09
"Avery Flip-Chart Easel Binder, Black",123.09
"Avaya 5410 Digital phone",122.38
"BIC Liqua Brite Liner",122.14
"Tyvek Interoffice Envelopes, 9 1/2" x 12 1/2""",121.96
"Euro Pro Shark Stick Mini Vacuum",121.96
"Rediform S.O.S. 1-Up Phone Message Bk, 4-1/4x3-1/16 Bk, 1 Form/Pg, 40 Messages/Bk, 3/Pk",121.94
"Ink Jet Note and Greeting Cards, 8-1/2" x 5-1/2"" Card Size"",121.39
"Eldon Expressions Punched Metal & Wood Desk Accessories, Pewter & Cherry",121.29
"DAX Copper Panel Document Frame, 5 x 7 Size",120.77
"Bush Saratoga Collection 5-Shelf Bookcase, Hanover Cherry, *Special Order",119.83
"Acco D-Ring Binder w/DublLock",119.73
"SANFORD Major Accent Highlighters",117.53
"Southworth 100% Cotton The Best Paper",117.10
"Nu-Dell Float Frame 11 x 14 1/2",116.74
"Fellowes Presentation Covers for Comb Binding Machines",116.40
"Newell 334",115.07
"Ibico Covers for Plastic or Wire Binding Elements",115.00
"Portable Personal File Box",114.77
"Xerox 1973",114.20
"Acco 6 Outlet Guardian Standard Surge Suppressor",113.65
"Wilson Jones Turn Tabs Binder Tool for Ring Binders",113.26
"Xerox 1934",111.96
"DAX Two-Tone Rosewood/Black Document Frame, Desktop, 5 x 7",111.87
"Things To Do Today Pad",111.53
"Maxell 74 Minute CDR, 10/Pack",111.49
"Newell 34",111.10
"Ibico Recycled Grain-Textured Covers",110.52
"Eberhard Faber 3 1/2" Golf Pencils"",110.11
"Artistic Insta-Plaque",109.76
"SlimView Poly Binder, 3/8""",109.30
"Boston Home & Office Model 2000 Electric Pencil Sharpeners",108.79
"#10 Self-Seal White Envelopes",108.68
"Wirebound Message Books, 2 7/8" x 5""",108.42
"Xerox 1898",108.22
"KeyTronic E03601U1 - Keyboard - Beige",108.00
"50 Colored Long Pencils",107.70
"Cardinal HOLDit! Binder Insert Strips,Extra Strips",107.61
"Stiletto Hand Letter Openers",107.52
"Riverleaf Stik-Withit Designer Note Cubes",106.64
"Avery 3 1/2" Diskette Storage Pages",106.49
"Wirebound Service Call Books, 5 1/2" x 4"""",106.48
"Belkin 7-Outlet SurgeMaster Home Series",106.18
"Acco 3-Hole Punch",106.00
"Wirebound Message Books, Four 2 3/4 x 5 Forms per Page, 200 Sets per Book",105.90
"AT&T SB67148 SynJ",105.58
"Recycled Interoffice Envelopes with String and Button Closure, 10 x 13",105.56
"Acme Tagit Stainless Steel Antibacterial Scissors",104.94
"GBC Plastic Binding Combs",104.80
"3M Office Air Cleaner",103.92
"Memorex Micro Travel Drive 4 GB",103.88
"Wilson Jones International Size A4 Ring Binders",103.80
"GBC Instant Report Kit",102.87
"DAX Cubicle Frames, 8-1/2 x 11",102.84
"TOPS 4 x 6 Fluorescent Color Memo Sheets, 500 Sheets per Pack",102.50
"Tenex File Box, Personal Filing Tote with Lid, Black",102.37
"Self-Adhesive Address Labels for Typewriters by Universal",102.34
"DAX Clear Channel Poster Frame",102.06
"Hewlett-Packard Deskjet F4180 All-in-One Color Ink-jet - Printer / copier / scanner",101.99
"Memorex 25GB 6X Branded Blu-Ray Recordable Disc, 15/Pack",101.94
"Staple remover",101.87
"C-Line Magnetic Cubicle Keepers, Clear Polypropylene",101.76
"Avery Printable Repositionable Plastic Tabs",101.48
"DAX Value U-Channel Document Frames, Easel Back",101.39
"Kingston Digital DataTraveler 64GB USB 2.0",101.34
"GBC Laser Imprintable Binding System Covers, Desert Sand",101.32
"DAX Metal Frame, Desktop, Stepped-Edge",101.20
"DXL Angle-View Binders with Locking Rings by Samsill",101.00
"Xblue XB-1670-86 X16 Small Office Telephone - Titanium",100.79
"Strathmore Photo Mount Cards",100.35
"Deflect-O Glasstique Clear Desk Accessories",100.10
"Cardinal EasyOpen D-Ring Binders",99.62
"Newell 309",99.33
"GBC Poly Designer Binding Covers",98.77
"Eldon Executive Woodline II Cherry Finish Desk Accessories",98.13
"Xerox 1890",97.88
"Cardinal Slant-D Ring Binder, Heavy Gauge Vinyl",97.32
"Avery 489",97.29
"DAX Cubicle Frames - 8x10",96.94
"14-7/8 x 11 Blue Bar Computer Printout Paper",96.08
"Westinghouse Floor Lamp with Metal Mesh Shade, Black",95.96
"Iris Project Case",95.76
"Xerox 188",95.26
"Fellowes Desktop Hanging File Manager",94.01
"Snap-A-Way Black Print Carbonless Speed Message, No Reply Area, Duplicate",93.25
"C-Line Cubicle Keepers Polyproplyene Holder With Velcro Backings",92.71
"Avery Personal Creations Heavyweight Cards",92.32
"Advantus Motivational Note Cards",91.70
"Hoover Commercial Soft Guard Upright Vacuum And Disposable Filtration Bags",91.68
"Penpower WorldCard Pro Card Scanner",91.48
"Storex DuraTech Recycled Plastic Frosted Binders",90.74
"Avery Metallic Poly Binders",89.97
"GBC Linen Binding Covers",89.84
"GBC Personal VeloBind Strips",89.84
"Wilson Jones 14 Line Acrylic Coated Pressboard Data Binders",89.71
"Personal Folder Holder, Ebony",89.68
"Master Caster Door Stop, Brown",89.41
"Acme Design Stainless Steel Bent Scissors",88.92
"Eldon Expressions Desk Accessory, Wood Pencil Holder, Oak",88.78
"Cardinal Slant-D Ring Binders",88.64
"TOPS Money Receipt Book, Consecutively Numbered in Red,",88.11
"Panasonic KP-310 Heavy-Duty Electric Pencil Sharpener",87.92
"Avery Self-Adhesive Photo Pockets for Polaroid Photos",87.85
"Strathmore Photo Frame Cards",87.72
"Acme Softgrip Scissors",86.28
"Petty Cash Envelope",86.27
"Boston 16701 Slimline Battery Pencil Sharpener",86.08
"C-Line Peel & Stick Add-On Filing Pockets, 8-3/4 x 5-1/8, 10/Pack",86.00
"Acme Office Executive Series Stainless Steel Trimmers",85.70
"Avery 499",85.65
"Rediform Wirebound "Phone Memo"" Message Book",85.56
"Portfile Personal File Boxes",84.96
"Universal Premium White Copier/Laser Paper (20Lb. and 87 Bright)",84.92
"Westinghouse Mesh Shade Clip-On Gooseneck Lamp, Black",84.84
"GBC Wire Binding Combs",84.79
"Apple EarPods with Remote and Mic",83.97
"Belkin iPhone and iPad Lightning Cable",83.94
"Akro-Mils 12-Gallon Tote",83.41
"Vinyl Coated Wire Paper Clips in Organizer Box, 800/Box",82.65
"OIC Colored Binder Clips, Assorted Sizes",82.34
"Square Credit Card Reader",81.92
"Xerox 1894",81.65
"Tensor Brushed Steel Torchiere Floor Lamp",81.55
"Wilson Jones Active Use Binders",81.54
"Xerox 195",81.50
"Newell 314",81.47
"Acme Stainless Steel Office Snips",81.42
"Wilson Jones “Snap” Scratch Pad Binder Tool for Ring Binders",81.20
"Permanent Self-Adhesive File Folder Labels for Typewriters, 1 1/8 x 3 1/2, White",80.64
"BIC Brite Liner Grip Highlighters, Assorted, 5/Pack",80.56
"Avery Durable Slant Ring Binders With Label Holder",80.26
"Logitech G600 MMO Gaming Mouse",79.99
"Eldon File Chest Portable File",79.40
"Newell 319",79.36
"Boston 16765 Mini Stand Up Battery Pencil Sharpener",79.29
"Wirebound Message Books, Two 4 1/4" x 5"" Forms per Page"",79.14
"Ultra Door Kickplate, 8"H x 34""W"",79.12
"Longer-Life Soft White Bulbs",78.23
"Fashion Color Clasp Envelopes",77.90
"Verbatim 25 GB 6x Blu-ray Single Layer Recordable Disc, 3/Pack",76.89
"Nu-Dell Oak Frame",76.89
"Acme Titanium Bonded Scissors",76.50
"LF Elite 3D Dazzle Designer Hard Case Cover, Lf Stylus Pen and Wiper For Apple Iphone 5c Mini Lite",76.30
"Recycled Eldon Regeneration Jumbo File",76.14
"Geographics Note Cards, Blank, White, 8 1/2" x 11"""",76.09
"Advantus Plastic Paper Clips",76.00
"Rogers Handheld Barrel Pencil Sharpener",75.63
"Fellowes Black Plastic Comb Bindings",75.53
"Cyber Acoustics AC-202b Speech Recognition Stereo Headset",75.34
"KeyTronic KT800P2 - Keyboard - Black",75.10
"Dell Slim USB Multimedia Keyboard",75.00
"Rogers Deluxe File Chest",74.73
"Sabrent 4-Port USB 2.0 Hub",74.69
"Great White Multi-Use Recycled Paper (20Lb. and 84 Bright)",74.15
"Panasonic KP-4ABK Battery-Operated Pencil Sharpener",73.20
"Universal Recycled Hanging Pressboard Report Binders, Letter Size",72.80
"OIC Bulk Pack Metal Binder Clips",72.59
"Dixon Prang Watercolor Pencils, 10-Color Set with Brush",72.42
"Square Credit Card Reader, 4 1/2" x 4 1/2"" x 1""",71.93
"Adams Telephone Message Books, 5 1/4” x 11”",71.27
"Avery 480",70.50
"Eldon 200 Class Desk Accessories",70.34
"Epson WorkForce WF-2530 All-in-One Printer, Copier Scanner",69.99
"Message Book, Wirebound, Four 5 1/2" X 4"" Forms/Pg.",69.91
"Ultra Door Push Plate",69.72
"Ampad Gold Fibre Wirebound Steno Books, 6" x 9""",69.68
"Eldon 200 Class Desk Accessories, Smoke",69.08
"Boston KS Multi-Size Manual Pencil Sharpener",68.97
"Eldon Expressions Mahogany Wood Desk Collection",68.64
"Wilson Jones Standard D-Ring Binders",68.31
"Recycled Interoffice Envelopes with Re-Use-A-Seal Closure, 10 x 13",68.28
"KLD Oscar II Style Snap-on Ultra Thin Side Flip Synthetic Leather Cover Case for HTC One HTC M7",68.04
"Holmes Cool Mist Humidifier for the Whole House with 8-Gallon Output per Day, Extended Life Filter",67.66
"Acco Hot Clips Clips to Go",67.12
"Wilson Jones data.warehouse D-Ring Binders with DublLock",66.67
"Avery Durable Poly Binders",66.36
"Xerox 225",66.10
"Clarity 53712",65.99
"Xerox 1956",65.78
"Advantus Panel Wall Acrylic Frame",65.64
"Bravo II Megaboss 12-Amp Hard Body Upright, Replacement Belts, 2 Belts per Pack",65.00
"Belkin Grip Candy Sheer Case / Cover for iPhone 5 and 5S",64.97
"Xerox 1952",64.74
"Rosewill 107 Normal Keys USB Wired Standard Keyboard",64.70
"Boston 1730 StandUp Electric Pencil Sharpener",64.14
"Cardinal Holdit Data Disk Pockets",64.06
"Advantus T-Pin Paper Clips",64.04
"Eldon Stackable Tray, Side-Load, Legal, Smoke",63.98
"PayAnywhere Card Reader",63.94
"Avery 478",63.83
"Ultra Commercial Grade Dual Valve Door Closer",63.82
"Premium Writing Pencils, Soft, #2 by Central Association for the Blind",63.77
"Fellowes Twister Kit, Gray/Clear, 3/pkg",63.52
"Memo Book, 100 Message Capacity, 5 3/8” x 11”",63.36
"Zipper Ring Binder Pockets",63.34
"Harmony HEPA Quiet Air Purifiers",63.18
"Eldon 400 Class Desk Accessories, Black Carbon",63.00
"Acco PRESSTEX Data Binder with Storage Hooks, Dark Blue, 9 1/2" X 11"""",62.95
"Park Ridge Embossed Executive Business Envelopes",62.28
"Sauder Cornerstone Collection Library",61.96
"SmartStand Mobile Device Holder, Assorted Colors",61.52
"Manila Recycled Extra-Heavyweight Clasp Envelopes, 6" x 9"""",61.49
"DAX Two-Tone Silver Metal Document Frame",60.72
"Samsung Replacement EH64AVFWE Premium Headset",60.50
"Newell 325",60.30
"Xerox 1986",60.12
"NETGEAR RangeMax WNR1000 Wireless Router",59.98
"Logitech LS21 Speaker System - PC Multimedia - 2.1-CH - Wired",59.97
"Avery Framed View Binder, EZD Ring (Locking), Navy, 1 1/2""",59.89
"Boston 1827 Commercial Additional Cutter, Drive Gear & Gear Rack for 1606",59.49
"Pressboard Covers with Storage Hooks, 9 1/2" x 11""",59.42
"Insertable Tab Post Binder Dividers",59.35
"Acco Recycled 2" Capacity Laser Printer Hanging Data Binders"",59.24
"Avery 512",58.96
"Xerox 1978",58.96
"Belkin F9S820V06 8 Outlet Surge",58.46
"Plymouth Boxed Rubber Bands by Plymouth",58.40
"Binney & Smith Crayola Metallic Colored Pencils, 8-Color Set",58.34
"Xerox 226",58.32
"SanDisk Cruzer 16 GB USB Flash Drive",57.40
"Things To Do Today Spiral Book",57.03
"ACCOHIDE Binder by Acco",56.99
"Xerox 1939",56.91
"Tops Wirebound Message Log Books",56.59
"Wirebound Message Books, 5-1/2 x 4 Forms, 2 or 4 Forms per Page",56.20
"SKILCRAFT Telephone Shoulder Rest, 2" x 6.5"" x 2.5""",56.16
"Executive Impressions 13-1/2" Indoor/Outdoor Wall Clock"",56.10
"Avery Hole Reinforcements",56.07
"Hunt BOSTON Vista Battery-Operated Pencil Sharpener, Black",55.97
"IBM Multi-Purpose Copy Paper, 8 1/2 x 11"",55.76
"GBC Standard Plastic Binding Systems Combs",55.76
"Tuff Stuff Recycled Round Ring Binders",55.44
"Newell 324",55.44
"Panasonic KP-350BK Electric Pencil Sharpener with Auto Stop",55.33
"Newell 311",54.81
"It's Hot Message Books with Stickers, 2 3/4" x 5"""",54.76
"Poly String Tie Envelopes",53.85
"Xerox 1895",53.82
"Eldon Imàge Series Desk Accessories, Clear",53.46
"Executive Impressions 14" Contract Wall Clock with Quartz Movement"",53.35
"Master Giant Foot Doorstop, Safety Yellow",53.13
"Master Caster Door Stop, Large Neon Orange",52.42
"Message Book, Phone, Wirebound Standard Line Memo, 2 3/4" X 5"""",52.40
"Xerox 205",51.84
"Anderson Hickey Conga Table Tops & Accessories",51.78
"QVS USB Car Charger 2-Port 2.1Amp for iPod/iPhone/iPad/iPad 2/iPad 3",51.43
"Message Book, Standard Line "While You Were Out""",51.36
"Avery 508",51.06
"Southworth Structures Collection",50.96
"Xerox 1924",50.86
"Wilson Jones Clip & Carry Folder Binder Tool for Ring Binders, Clear",50.46
"Avery 518",50.40
"Avery 495",50.40
"Eldon 200 Class Desk Accessories, Burgundy",50.24
"Xerox 1896",49.95
"Avery 506",49.56
"DAX Charcoal/Nickel-Tone Document Frame, 5 x 7",49.29
"Eureka Sanitaire  Multi-Pro Heavy-Duty Upright, Disposable Bags",48.94
"Eldon Expressions Wood and Plastic Desk Accessories, Cherry Wood",48.86
"Wilson Jones Impact Binders",48.69
"Seth Thomas 8 1/2" Cubicle Clock"",48.67
"Manco Dry-Lighter Erasable Highlighter",48.64
"XtraLife ClearVue Slant-D Ring Binders by Cardinal",48.61
"Prang Colored Pencils",48.22
"BIC Brite Liner Highlighters",48.03
"Avoid Verbal Orders Carbonless Minifold Book",48.00
"Avery Heavy-Duty EZD  Binder With Locking Rings",47.99
"Microsoft Natural Ergonomic Keyboard 4000",47.98
"Xerox 1995",47.95
"Bulldog Table or Wall-Mount Pencil Sharpener",47.92
"Avery 513",47.81
"Holmes Visible Mist Ultrasonic Humidifier with 2.3-Gallon Output per Day, Replacement Filter",47.54
"Xerox 1981",47.52
"Astroparche Fine Business Paper",47.52
"Avery 490",47.36
"Peel & Seel Envelopes",47.34
"Akro Stacking Bins",47.34
"Avery Poly Binder Pockets",47.25
"Rubber Band Ball",47.12
"Dixon My First Ticonderoga Pencil, #2",46.80
"Advantus SlideClip Paper Clips",46.38
"Decoflex Hanging Personal Folder File",46.26
"Avery 476",46.25
"Newell 331",45.97
"Crayola Anti Dust Chalk, 12/Pack",45.86
"Presstex Flexible Ring Binders",45.50
"Black Avery Memo-Size 3-Ring Binder, 5 1/2" x 8 1/2"""",45.50
"Dax Clear Box Frame",45.40
"Magna Visual Magnetic Picture Hangers",45.31
"Xerox 198",44.82
"SpineVue Locking Slant-D Ring Binders by Cardinal",44.79
"Acco Four Pocket Poly Ring Binder with Label Holder, Smoke, 1""",44.70
"Newell 343",44.68
"ACCOHIDE 3-Ring Binder, Blue, 1""",44.61
"Xerox 194",44.38
"1/4 Fold Party Design Invitations & White Envelopes, 24 8-1/2" X 11"" Cards",44.10
"Self-Adhesive Removable Labels",44.10
"Memorex Froggy Flash Drive 4 GB",43.96
"Inter-Office Recycled Envelopes, Brown Kraft, Button-String,10" x 13"" ",43.96
"Recycled Pressboard Report Cover with Reinforced Top Hinge",43.93
"Avery 500",43.86
"Avery 520",43.47
"GE General Purpose, Extra Long Life, Showcase & Floodlight Incandescent Bulbs",43.07
"Barrel Sharpener",42.84
"Xerox 1971",42.80
"Mead 1st Gear 2" Zipper Binder",42.80
"Cush Cases Heavy Duty Rugged Cover Case for Samsung Galaxy S5 - Purple",42.57
"Wirebound Four 2-3/4 x 5 Forms per Page, 400 Sets per Book",42.57
"Imation USB 2.0 Swivel Flash Drive USB flash drive - 4 GB - Pink",42.42
"Xerox 1928",42.24
"Spiral Phone Message Books with Labels by Adams",42.11
"Magnifier Swing Arm Lamp",41.96
"Newell 315",41.86
"Verbatim 25 GB 6x Blu-ray Single Layer Recordable Disc, 1/Pack",41.72
"GBC ProClick Spines for 32-Hole Punch",41.35
"Binder Posts",41.33
"Newell 328",40.88
"Xerox 1949",40.84
"ARKON Windshield Dashboard Air Vent Car Mount Holder",40.68
"Avery 511",40.66
"HP Office Recycled Paper (20Lb. and 87 Bright)",40.46
"Xerox 1987",40.46
"Newell 351",40.02
"Binney & Smith inkTank Desk Highlighter, Chisel Tip, Yellow, 12/Box",39.99
"Xerox 1921",39.96
"Eldon Expressions Wood and Plastic Desk Accessories, Oak",39.92
"G.E. Longer-Life Indoor Recessed Floodlight Bulbs",39.84
"Xerox 1970",39.84
"Avery White Multi-Purpose Labels",39.84
"DIXON Oriole Pencils",39.73
"Telephone Message Books with Fax/Mobile Section, 4 1/4" x 6"""",39.60
"Staple-on labels",39.31
"Xerox 202",38.88
"While You Were Out Pads, 50 per Pad, 4 x 5 1/4, Green Cycle",38.78
"Sanford Colorific Scented Colored Pencils, 12/Pack",38.52
"Redi-Strip #10 Envelopes, 4 1/8 x 9 1/2",38.35
"Stacking Tray, Side-Loading, Legal, Smoke",37.63
"Turquoise Lead Holder with Pocket Clip",37.52
"3M Hangers With Command Adhesive",37.00
"Ideal Clamps",36.98
"Eldon Expressions Wood Desk Accessories, Oak",36.90
"Telephone Message Books with Fax/Mobile Section, 5 1/2" x 3 3/16"""",36.83
"EcoTones Memo Sheets",36.80
"Eldon Jumbo ProFile Portable File Boxes Graphite/Black",36.74
"Xerox 1902",36.54
"Master Caster Door Stop, Large Brown",36.40
"Xerox 1998",36.29
"Colorific Watercolor Pencils",36.12
"Acco Side-Punched Conventional Columnar Pads",36.09
"Avery 494",36.02
"Wirebound Message Forms, Four 2 3/4 x 5 Forms per Page, Pink Paper",35.95
"Xerox 4200 Series MultiUse Premium Copy Paper (20Lb. and 84 Bright)",35.90
"Avery Non-Stick Heavy Duty View Round Locking Ring Binders",35.88
"Ampad #10 Peel & Seel Holiday Envelopes",35.84
"Wilson Jones DublLock D-Ring Binders",35.77
"Advantus Map Pennant Flags and Round Head Tacks",35.55
"Acco Clips to Go Binder Clips, 24 Clips in Two Sizes",35.50
"Avery Hanging File Binders",35.28
"Executive Impressions 10" Spectator Wall Clock"",35.28
"Cardinal Poly Pocket Divider Pockets for Ring Binders",34.94
"Xerox 1926",34.86
"Xerox 199",34.24
"OIC Stacking Trays",34.07
"Zebra Zazzle Fluorescent Highlighters",34.05
"Xerox 1954",33.79
"Eldon Regeneration Recycled Desk Accessories, Smoke",33.75
"Dixon Ticonderoga Erasable Colored Pencil Set, 12-Color",33.49
"Xerox 1977",33.40
"Avery Fluorescent Highlighter Four-Color Set",33.40
"Acme Elite Stainless Steel Scissors",33.36
"Acco 6 Outlet Guardian Basic Surge Suppressor",33.28
"Adams Telephone Message Book W/Dividers/Space For Phone Numbers, 5 1/4"X8 1/2""",32.93
"Newell 3-Hole Punched Plastic Slotted Magazine Holders for Binders",32.90
"GBC Instant Index System for Binding Systems",32.86
"Wilson Jones Hanging Recycled Pressboard Data Binders",32.64
"American Pencil",32.62
"Xerox 232",32.40
"Wilson Jones 1" Hanging DublLock Ring Binders"",32.21
"Sanford Liquid Accent Highlighters",32.06
"Microsoft Wireless Mobile Mouse 4000",31.99
"Xerox 1897",31.87
"Avery Durable Plastic 1" Binders"",31.78
"Peel & Stick Add-On Corner Pockets",31.11
"Xerox 216",31.10
"GBC Plasticlear Binding Covers",31.00
"Wilson Jones Four-Pocket Poly Binders",30.74
"Texas Instrument TI-15 Fraction Calculator",30.34
"Cardinal Hold-It CD Pocket",30.32
"Acme Kleen Earth Office Shears",30.26
"Xerox 1900",29.96
"Newell 341",29.96
"Acco Translucent Poly Ring Binders",29.95
"Plantronics Single Ear Headset",29.92
"Perma STOR-ALL Hanging File Box, 13 1/8"W x 12 1/4""D x 10 1/2""H"",29.90
"Jiffy Padded Mailers with Self-Seal Closure",29.81
"G.E. Halogen Desk Lamp Bulbs",29.32
"Electrix Incandescent Magnifying Lamp, Black",29.32
"Avery 519",29.24
"3M Organizer Strips",29.16
"Xerox 1950",28.90
"Accohide Poly Flexible Ring Binders",28.80
"Eldon Pizzaz Desk Accessories",28.54
"Newell 318",28.36
"Wilson Jones Custom Binder Spines & Labels",28.29
"Acco PRESSTEX Data Binder with Storage Hooks, Light Blue, 9 1/2" X 11"""",27.98
"Acme Rosewood Handle Letter Opener",27.79
"Imation 30456 USB Flash Drive 8GB",27.60
"Newell 316",27.38
"Ampad Poly Cover Wirebound Steno Book, 6" x 9"" Assorted Colors",27.24
"Commercial WindTunnel Clean Air Upright Vacuum, Replacement Belts, Filtration Bags",27.23
"Sony 8GB Class 10 Micro SDHC R40 Memory Card",27.19
"Newell 317",27.05
"HP Office Paper (20Lb. and 87 Bright)",26.72
"Acco Pressboard Covers with Storage Hooks, 9 1/2" x 11""",26.67
"GBC Standard Plastic Binding Systems' Combs",26.38
"Anker 24W Portable Micro USB Car Charger",26.38
"Eldon 100 Class Desk Accessories",26.28
"Acco Expandable Hanging Binders",26.16
"SanDisk Cruzer 4 GB USB Flash Drive",25.96
"Xerox 1957",25.92
"Contemporary Borderless Frame",25.83
"Adams "While You Were Out"" Message Pads"",25.75
"Revere Boxed Rubber Bands by Revere",25.70
"Xerox 1953",25.68
"Avery Round Ring Poly Binders",25.56
"Avery 515",25.06
"Document Clip Frames",25.02
"Executive Impressions 8-1/2" Career Panel/Partition Cubicle Clock"",24.96
"Xerox 1927",24.82
"Newell 31",24.78
"Eldon 300 Class Desk Accessories, Black",24.75
"Avery 481",24.64
"Pressboard Data Binders by Wilson Jones",24.56
"#10- 4 1/8" x 9 1/2"" Security-Tint Envelopes"",24.45
"Avery 52",24.35
"Avery 507",24.19
"Telescoping Adjustable Floor Lamp",23.99
"Newell 336",23.97
"Serrated Blade or Curved Handle Hand Letter Openers",23.86
"Array Memo Cubes",23.83
"Avery 487",23.62
"Avery Triangle Shaped Sheet Lifters, Black, 2/Pack",23.61
"Permanent Self-Adhesive File Folder Labels for Typewriters by Universal",23.49
"Super Bands, 12/Pack",23.44
"Verbatim Slim CD and DVD Storage Cases, 50/Pack",23.08
"Acrylic Self-Standing Desk Frames",22.96
"Hoover Replacement Belts For Soft Guard & Commercial Ltweight Upright Vacs, 2/Pk",22.91
"Wilson Jones Hanging View Binder, White, 1""",22.72
"Acco Suede Grain Vinyl Round Ring Binder",22.52
"Sanford Colorific Colored Pencils, 12/Box",22.33
"3-ring staple pack",22.18
"Disposable Triple-Filter Dust Bags",21.85
"Pastel Pink Envelopes",21.84
"Advantus Push Pins",21.80
"Smead Alpha-Z Color-Coded Second Alphabetical Labels and Starter Set",21.56
"Newell 333",21.13
"Newell 321",20.99
"AmazonBasics 3-Button USB Wired Mouse",20.97
"Wilson Jones Easy Flow II Sheet Lifters",20.88
"Self-Adhesive Address Labels for Typewriters with Dispenser Box",20.66
"Assorted Color Push Pins",20.64
"Newell 332",20.58
"Pencil and Crayon Sharpener",20.58
"Avery 498",20.23
"Avery 51",20.16
"Rediform S.O.S. Phone Message Books",19.92
"Avery Durable Slant Ring Binders, No Labels",19.90
"Newell 327",19.89
"Newell 35",19.68
"Acco Glide Clips",19.60
"Convenience Packs of Business Envelopes",19.55
"Xerox 222",19.44
"Xerox 1947",19.14
"TOPS Voice Message Log Book, Flash Format",19.04
"Durable Pressboard Binders",19.00
"Colored Push Pins",18.82
"Avery 496",18.75
"Eldon Spacemaker Box, Quick-Snap Lid, Clear",18.70
"Quartet Omega Colored Chalk, 12/Pack",18.69
"Economy #2 Pencils",18.62
"Faber Castell Col-Erase Pencils",18.58
"Xerox 196",18.49
"Southworth Parchment Paper & Envelopes",18.31
"Acco Hanging Data Binders",18.29
"Xerox 1991",18.27
"Col-Erase Pencils with Erasers",18.24
"Adams Write n' Stick Phone Message Book, 11" X 5 1/4""",18.18
"Letter or Legal Size Expandable Poly String Tie Envelopes",18.09
"Hoover Commercial Lightweight Upright Vacuum",18.09
"Avery 510",18.00
"Alliance Big Bands Rubber Bands, 12/Pack",17.82
"Acme Design Line 8" Stainless Steel Bent Scissors w/Champagne Handles",17.78
"OIC #2 Pencils, Medium Soft",17.67
"Newell 340",17.28
"Pressboard Data Binder, Crimson, 12" X 8 1/2"""",17.09
"Hoover Portapower Portable Vacuum",17.03
"Xerox 1901",16.90
"DIXON Ticonderoga Erasable Checking Pencils",16.74
"Smead Alpha-Z Color-Coded Name Labels First Letter Starter Set",16.50
"Sanford Colorific Eraseable Coloring Pencils, 12 Count",16.40
"Newell 329",16.40
"RSVP Cards & Envelopes, Blank White, 8-1/2" X 11""",16.25
"Avery 501",16.24
"Binney & Smith Crayola Metallic Crayons, 16-Color Pack",16.18
"Prang Drawing Pencil Set",16.12
"Acme Value Line Scissors",16.06
"Avery 483",15.94
"Master Big Foot Doorstop, Beige",15.84
"Eldon Image Series Black Desk Accessories",15.73
"Avery 493",15.71
"Southworth 25% Cotton Granite Paper & Envelopes",15.70
"Insertable Tab Indexes For Data Binders",15.58
"Xerox 1967",15.55
"Eldon Regeneration Recycled Desk Accessories, Black",15.49
"Security-Tint Envelopes",15.28
"Wirebound Voice Message Log Book",15.23
"Important Message Pads, 50 4-1/4 x 5-1/2 Forms per Pad",15.12
"Avery 48",15.12
"#10 Gummed Flap White Envelopes, 100/Box",14.87
"Sanford EarthWrite Recycled Pencils, Medium Soft, #2",14.70
"Array Parchment Paper, Assorted Colors",14.56
"Self-Adhesive Ring Binder Labels",14.43
"Avery 514",14.40
"Sanford Pocket Accent Highlighters",14.40
"Rediform Voice Mail Log Books",14.30
"Dixon Ticonderoga Maple Cedar Pencil, #2",14.12
"Acme Serrated Blade Letter Opener",13.99
"Stockwell Push Pins",13.95
"Sannysis Cute Owl Design Soft Skin Case Cover for Samsung Galaxy S4",13.86
"Design Ebony Sketching Pencil",13.62
"Memorex Mini Travel Drive 4 GB USB 2.0 Flash Drive",13.62
"Newell 33",13.39
"Prestige Round Ring Binders",13.38
"Round Ring Binders",13.31
"Avery File Folder Labels",13.25
"Avery Hi-Liter GlideStik Fluorescent Highlighter, Yellow Ink",13.04
"Sanitaire Vibra Groomer IR Commercial Upright Vacuum, Replacement Belts",13.00
"Xerox 1999",12.96
"Newell 347",12.84
"Fluorescent Highlighters by Dixon",12.74
"Ampad Phone Message Book, Recycled, 400 Message Capacity, 5 ¾” x 11”",12.48
"Stackable Trays",12.32
"12 Colored Short Pencils",11.96
"Unpadded Memo Slips",11.94
"Nu-Dell EZ-Mount Plastic Wall Frames",11.82
"Prang Dustless Chalk Sticks",11.76
"Blackstonian Pencils",11.75
"Economy Binders",11.65
"Nontoxic Chalk",11.62
"Avery 482",11.56
"Fiskars Spring-Action Scissors",11.18
"Colored Envelopes",11.07
"Shocksock Galaxy S4 Armband",10.95
"OIC Binder Clips, Mini, 1/4" Capacity",10.66
"Bagged Rubber Bands",10.58
"Avery Binder Labels",10.51
"Crayola Colored Pencils",10.49
"Avery Durable Binders",10.36
"Binney & Smith inkTank Erasable Desk Highlighter, Chisel Tip, Yellow, 12/Box",10.08
"Binney & Smith inkTank Erasable Pocket Highlighter, Chisel Tip, Yellow",10.03
"PowerGen Dual USB Car Charger",9.99
"Ibico Presentation Index for Binding Systems",9.95
"Angle-D Ring Binders",9.84
"Newell 350",9.84
"PNY Rapid USB Car Charger - Black",9.59
"Xerox 1974",9.57
"Avery 474",9.22
"Acme Kleencut Forged Steel Scissors",9.18
"Newell 310",9.15
"Imation Swivel Flash Drive USB flash drive - 8 GB",9.10
"Cardinal Holdit Business Card Pockets",8.96
"Avery 509",8.87
"Quartet Alpha White Chalk, 12/Pack",8.84
"Sanford Uni-Blazer View Highlighters, Chisel Tip, Yellow",8.80
"Boston 16750 Black Compact Battery Pencil Sharpener",8.75
"SANFORD Liquid Accent Tank-Style Highlighters",8.52
"Xerox 1972",8.45
"Acco Economy Flexible Poly Round Ring Binder",8.35
"Newell 344",8.34
"Binder Clips by OIC",8.29
"Avery 488",8.19
"Avery Reinforcements for Hole-Punch Pages",8.12
"Maxell 4.7GB DVD-R 5/Pack",8.11
"Stockwell Gold Paper Clips",8.10
"Maxell CD-R Discs",7.88
"Avery Hi-Liter Pen Style Six-Color Fluorescent Set",7.70
"GBC VeloBinder Strips",7.68
"OIC Thumb-Tacks",7.52
""While you Were Out"" Message Book",7.42
"UniKeep View Case Binders",7.33
"Avery 486",7.31
"Newell 322",7.28
"Grip Seal Envelopes",7.07
"Newell 326",7.04
"Newell 320",6.85
"Avery Hidden Tab Dividers for Binding Systems",6.56
"BIC Brite Liner Grip Highlighters",6.56
"Avery Legal 4-Ring Binder",6.29
"Hoover Replacement Belt for Commercial Guardsman Heavy-Duty Upright Vacuum",6.21
"Xerox 1920",5.98
"Kingston Digital DataTraveler 8GB USB 2.0",5.95
"Newell 307",5.46
"Hoover Commercial SteamVac",5.43
"Xerox 1968",5.34
"Regeneration Desk Collection",5.28
"Newell 337",5.25
"Woodgrain Magazine Files by Perma",4.77
"Sterling Rubber Bands by Alliance",4.71
"Plastic Stacking Crates & Casters",4.46
"Ampad Evidence Wirebond Steno Books, 6" x 9"""",4.36
"Avery 517",3.69
"Avery Hi-Liter Fluorescent Desk Style Markers",3.38
"Newell 323",3.36
"Kleencut Forged Office Shears by Acme United Corporation",3.33
"Newell Chalk Holder",3.30
"Pressboard Hanging Data Binders for Unburst Sheets",2.95
"Wilson Jones Suede Grain Vinyl Binders",2.50
"Avery 497",2.46
"Storex Flexible Poly Binders with Double Pockets",2.38
"Master Caster Door Stop, Gray",2.03
"Maxell 4.7GB DVD+R 5/Pack",1.98
"Eureka Disposable Bags for Sanitaire Vibra Groomer I Upright Vac",1.62
"Computer Printout Index Tabs",1.34
