CustomerID,CustomerName,total_orders
CK-12205,"Chloris Kastensmidt",13
EP-13915,"Emily Phan",12
CL-12565,"Clay Ludtke",11
LA-16780,"Laura Armstrong",11
Dp-13240,"Dean percer",11
JB-15400,"Jennifer Braxton",10
JL-15835,"John Lee",10
RP-19390,"Resi Pölking",10
KL-16645,"Ken Lonsdale",10
JE-15745,"Joel Eaton",10
PK-19075,"Pete Kriz",10
ME-17320,"Maria Etezadi",10
BD-11320,"Bill Donatelli",10
SC-20725,"Steven Cartwright",9
PG-18820,"Patrick Gardner",9
BM-11650,"Brian Moss",9
CS-12355,"Christine Sundaresam",9
KD-16495,"Keith Dawkins",9
JK-15730,"Joe Kamberova",9
KB-16585,"Ken Black",9
EH-14125,"Eugene Hildebrand",9
ZC-21910,"Zuschuss Carroll",9
DK-12835,"Damala Kotsonis",9
EH-13765,"Edward Hooks",9
NZ-18565,"Nick Zandusky",9
EA-14035,"Erin Ashbrook",9
QJ-19255,"Quincy Jones",9
WB-21850,"William Brown",9
SH-19975,"Sally Hughsby",9
FM-14290,"Frank Merwin",9
AH-10690,"Anna Häberlin",9
NS-18640,"Noel Staavos",9
CV-12805,"Cynthia Voltz",8
RA-19915,"Russell Applegate",8
RB-19465,"Rick Bensley",8
HA-14920,"Helen Andreada",8
JE-15715,"Joe Elijah",8
NM-18520,"Neoma Murray",8
JG-15160,"James Galang",8
ON-18715,"Odella Nelson",8
RA-19285,"Ralph Arnett",8
TD-20995,"Tamara Dahlen",8
MM-17920,"Michael Moore",8
CB-12535,"Claudia Bergmann",8
XP-21865,"Xylona Preis",8
CP-12085,"Cathy Prescott",8
GA-14725,"Guy Armstrong",8
PO-19180,"Philisse Overcash",8
SP-20620,"Stefania Perrino",8
BH-11710,"Brosina Hoffman",8
DL-12865,"Dan Lawera",8
CB-12025,"Cassandra Brandow",8
AH-10075,"Adam Hart",8
CC-12220,"Chris Cortes",8
AB-10105,"Adrian Barton",8
MB-17305,"Maria Bertelson",8
NB-18655,"Nona Balk",8
GT-14710,"Greg Tran",8
DK-13225,"Dean Katz",8
JD-15895,"Jonathan Doherty",8
AH-10210,"Alan Hwang",8
BP-11185,"Ben Peterman",8
MS-17365,"Maribeth Schnelling",8
DR-12880,"Dan Reichenbach",8
MA-17560,"Matt Abelman",8
SP-20650,"Stephanie Phelps",8
RL-19615,"Rob Lucas",8
KH-16330,"Katharine Harms",8
JD-16150,"Justin Deggeller",8
KL-16555,"Kelly Lampkin",8
RD-19480,"Rick Duston",8
RD-19900,"Ruben Dartt",8
AP-10915,"Arthur Prichep",8
BF-11170,"Ben Ferrer",7
AG-10495,"Andrew Gjertsen",7
VM-21685,"Valerie Mitchum",7
JK-15370,"Jay Kimmel",7
MC-17605,"Matt Connell",7
DK-13375,"Dennis Kane",7
AH-10030,"Aaron Hawkins",7
LH-17155,"Logan Haushalter",7
JK-16120,"Julie Kriz",7
MD-17350,"Maribeth Dona",7
SV-20785,"Stewart Visinsky",7
TM-21010,"Tamara Manning",7
SJ-20125,"Sanjit Jacobs",7
MP-17470,"Mark Packer",7
SB-20290,"Sean Braxton",7
AJ-10795,"Anthony Johnson",7
BD-11605,"Brian Dahlen",7
DC-12850,"Dan Campbell",7
RD-19720,"Roger Demir",7
IM-15070,"Irene Maddox",7
LC-16885,"Lena Creighton",7
MH-18115,"Mick Hernandez",7
SD-20485,"Shirley Daniels",7
CK-12760,"Cyma Kinney",7
ES-14080,"Erin Smith",7
CT-11995,"Carol Triggs",7
CA-12265,"Christina Anderson",7
LH-16900,"Lena Hernandez",7
MC-18100,"Mick Crebagga",7
TH-21235,"Tiffany House",7
RS-19765,"Roland Schwarz",7
ME-17725,"Max Engle",7
DB-13210,"Dean Braden",7
TP-21130,"Theone Pippenger",7
SZ-20035,"Sam Zeldin",7
HK-14890,"Heather Kirkland",7
JF-15565,"Jill Fjeld",7
SM-20950,"Suzanne McNair",7
JM-16195,"Justin MacKendrick",7
GH-14410,"Gary Hansen",7
LB-16795,"Laurel Beltran",7
NW-18400,"Natalie Webber",7
PO-18850,"Patrick O'Brill",7
BP-11290,"Beth Paige",7
AP-10720,"Anne Pryor",7
CS-11950,"Carlos Soltero",7
BS-11755,"Bruce Stewart",7
JA-15970,"Joseph Airdo",7
CJ-12010,"Caroline Jumper",7
EB-13750,"Edward Becker",7
SE-20110,"Sanjit Engle",7
ND-18370,"Natalie DeCherney",7
AG-10900,"Arthur Gainer",7
SV-20365,"Seth Vernon",7
DB-13270,"Deborah Brumfield",7
HG-14965,"Henry Goldwyn",7
TS-21205,"Thomas Seio",7
LS-16975,"Lindsay Shagiari",7
LT-17110,"Liz Thompson",7
HR-14830,"Harold Ryan",7
LC-16870,"Lena Cacioppo",7
CS-12250,"Chris Selesnick",7
LC-17140,"Logan Currie",7
CK-12595,"Clytie Kelty",7
AS-10090,"Adam Shillingsburg",7
SF-20965,"Sylvia Foulston",7
MC-17845,"Michael Chen",7
CY-12745,"Craig Yedwab",7
GZ-14470,"Gary Zandusky",7
SV-20935,"Susan Vittorini",7
SA-20830,"Sue Ann Reed",7
DB-13555,"Dorothy Badders",7
BP-11095,"Bart Pistole",7
MP-18175,"Mike Pelletier",7
GK-14620,"Grace Kelly",7
AC-10450,"Amy Cox",7
MY-18295,"Muhammed Yedwab",6
VB-21745,"Victoria Brennan",6
AR-10825,"Anthony Rawles",6
PW-19030,"Pauline Webber",6
MK-17905,"Michael Kennedy",6
KE-16420,"Katrina Edelman",6
CA-12775,"Cynthia Arntzen",6
KH-16630,"Ken Heidel",6
RW-19630,"Rob Williams",6
YS-21880,"Yana Sorensen",6
BB-11545,"Brenda Bowman",6
KM-16375,"Katherine Murray",6
AB-10060,"Adam Bellavance",6
HM-14860,"Harry Marie",6
SN-20710,"Steve Nguyen",6
HW-14935,"Helen Wasserman",6
AD-10180,"Alan Dominguez",6
EB-13705,"Ed Braxton",6
FH-14275,"Frank Hawley",6
RB-19360,"Raymond Buch",6
DL-13315,"Delfina Latchford",6
SH-20395,"Shahid Hopkins",6
PJ-18835,"Patrick Jones",6
FM-14380,"Fred McMath",6
MO-17800,"Meg O'Connel",6
DM-13015,"Darrin Martin",6
JF-15190,"Jamie Frazer",6
DB-13615,"Doug Bickford",6
KN-16390,"Katherine Nockton",6
TS-21160,"Theresa Swint",6
KT-16480,"Kean Thornton",6
DP-13390,"Dennis Pardue",6
SC-20095,"Sanjit Chand",6
IL-15100,"Ivan Liston",6
JP-15520,"Jeremy Pistek",6
RF-19840,"Roy Französisch",6
VD-21670,"Valerie Dominguez",6
SC-20770,"Stewart Carmichael",6
AS-10045,"Aaron Smayling",6
MC-17275,"Marc Crier",6
BT-11680,"Brian Thompson",6
EB-13870,"Emily Burns",6
SF-20200,"Sarah Foster",6
JK-15625,"Jim Karlsson",6
KF-16285,"Karen Ferguson",6
NF-18385,"Natalie Fritzler",6
FM-14215,"Filia McAdams",6
DB-13060,"Dave Brooks",6
BM-11785,"Bryan Mills",6
KB-16315,"Karl Braun",6
LR-16915,"Lena Radford",6
BC-11125,"Becky Castell",6
MP-17965,"Michael Paige",6
AA-10375,"Allen Armold",6
TS-21370,"Todd Sumrall",6
RD-19810,"Ross DeVincentis",6
TT-21070,"Ted Trevino",6
JG-15310,"Jason Gross",6
TB-21400,"Tom Boeckenhauer",6
SC-20695,"Steve Chapman",6
CS-12400,"Christopher Schild",6
FA-14230,"Frank Atkinson",6
MM-18055,"Michelle Moray",6
HA-14905,"Helen Abelman",6
TH-21550,"Tracy Hopkins",6
RW-19540,"Rick Wilson",6
FO-14305,"Frank Olsen",6
DP-13000,"Darren Powers",6
CC-12475,"Cindy Chapman",6
SL-20155,"Sara Luxemburg",6
JM-15535,"Jessica Myrick",6
GB-14530,"George Bell",6
HL-15040,"Hunter Lopez",6
TS-21610,"Troy Staebel",6
JO-15145,"Jack O'Briant",6
MS-17980,"Michael Stewart",6
PS-19045,"Penelope Sewall",6
JP-16135,"Julie Prescott",6
GM-14455,"Gary Mitchum",6
TB-21625,"Trudy Brown",6
DJ-13510,"Don Jones",6
TC-21535,"Tracy Collins",6
ST-20530,"Shui Tom",6
DL-12925,"Daniel Lacy",6
CB-12415,"Christy Brittain",6
DB-13120,"David Bremer",6
HF-14995,"Herbert Flentye",6
MG-17650,"Matthew Grinstein",6
KM-16720,"Kunst Miller",6
DO-13435,"Denny Ordway",6
SC-20050,"Sample Company A",6
CC-12670,"Craig Carreira",6
PO-18865,"Patrick O'Donnell",6
HP-14815,"Harold Pawlan",6
DS-13180,"David Smith",6
PS-18760,"Pamela Stobb",6
BE-11455,"Brad Eason",6
TB-21520,"Tracy Blumstein",6
TC-21295,"Toby Carlisle",5
EB-13840,"Ellis Ballard",5
BG-11740,"Bruce Geld",5
CM-12160,"Charles McCrossin",5
DB-12970,"Darren Budd",5
NG-18430,"Nathan Gelder",5
EH-13945,"Eric Hoffmann",5
CM-12655,"Corinna Mitchell",5
MF-17665,"Maureen Fritzler",5
FP-14320,"Frank Preis",5
RC-19825,"Roy Collins",5
DP-13105,"Dave Poirier",5
JF-15355,"Jay Fein",5
PN-18775,"Parhena Norris",5
DR-12940,"Daniel Raglin",5
SC-20260,"Scott Cohen",5
LW-16825,"Laurel Workman",5
EM-13825,"Elizabeth Moffitt",5
JO-15280,"Jas O'Carroll",5
TW-21025,"Tamara Willingham",5
SP-20860,"Sung Pak",5
GM-14500,"Gene McClure",5
RH-19510,"Rick Huthwaite",5
PB-19150,"Philip Brown",5
JK-15205,"Jamie Kunitz",5
MC-17575,"Matt Collins",5
SS-20410,"Shahid Shariari",5
VP-21760,"Victoria Pisteka",5
SU-20665,"Stephanie Ulpright",5
EG-13900,"Emily Grady",5
JL-15235,"Janet Lee",5
SW-20245,"Scot Wooten",5
CC-12430,"Chuck Clark",5
AI-10855,"Arianne Irving",5
BD-11500,"Bradley Drucker",5
TS-21505,"Tony Sayre",5
TB-21250,"Tim Brockman",5
AB-10165,"Alan Barnes",5
HR-14770,"Hallie Redmond",5
SC-20440,"Shaun Chance",5
LW-17215,"Luke Weiss",5
MH-17785,"Maya Herman",5
CK-12325,"Christine Kargatis",5
PW-19240,"Pierre Wener",5
KD-16270,"Karen Daniels",5
DK-12985,"Darren Koutras",5
NC-18415,"Nathan Cano",5
LF-17185,"Luke Foster",5
AS-10285,"Alejandro Savely",5
FC-14335,"Fred Chung",5
CW-11905,"Carl Weiss",5
JW-15220,"Jane Waco",5
RO-19780,"Rose O'Brian",5
RR-19525,"Rick Reed",5
VW-21775,"Victoria Wilson",5
PG-18895,"Paul Gonzalez",5
AW-10930,"Arthur Wiediger",5
NH-18610,"Nicole Hansen",5
JL-15850,"John Lucas",5
MF-18250,"Monica Federle",5
RC-19960,"Ryan Crowe",5
DN-13690,"Duane Noonan",5
NP-18325,"Naresj Patel",5
JM-15655,"Jim Mitchum",5
MG-17890,"Michael Granlund",5
MS-17710,"Maurice Satty",5
SC-20305,"Sean Christensen",5
LW-16990,"Lindsay Williams",5
EM-13960,"Eric Murdock",5
MH-17455,"Mark Hamilton",5
DH-13075,"Dave Hallsten",5
RF-19345,"Randy Ferguson",5
MY-17380,"Maribeth Yedwab",5
AF-10870,"Art Ferguson",5
LC-16930,"Linda Cazamias",5
JH-15985,"Joseph Holt",5
SP-20920,"Susan Pistek",5
MJ-17740,"Max Jones",5
GM-14680,"Greg Matthias",5
ML-17755,"Max Ludwig",5
RM-19675,"Robert Marley",5
SG-20470,"Sheri Gordon",5
RB-19435,"Richard Bierner",5
KH-16510,"Keith Herrera",5
NG-18355,"Nat Gilpin",5
JE-15610,"Jim Epp",5
JL-15505,"Jeremy Lonsdale",5
RB-19795,"Ross Baird",5
KB-16600,"Ken Brennan",5
KM-16225,"Kalyca Meade",5
DM-13345,"Denise Monton",5
SB-20185,"Sarah Brown",5
NM-18445,"Nathan Mautz",5
AJ-10780,"Anthony Jacobs",5
JF-15295,"Jason Fortune-",5
EH-14185,"Evan Henry",5
NP-18700,"Nora Preis",5
AM-10705,"Anne McFarland",5
PO-19195,"Phillina Ober",5
AB-10255,"Alejandro Ballentine",5
MZ-17515,"Mary Zewe",5
CS-12505,"Cindy Stewart",5
ML-17395,"Marina Lichtenstein",5
DK-13090,"Dave Kipp",5
NC-18535,"Nick Crebassa",5
JK-15640,"Jim Kriz",5
FG-14260,"Frank Gastineau",5
BK-11260,"Berenike Kampe",5
CA-12055,"Cathy Armstrong",5
ED-13885,"Emily Ducich",5
JL-15175,"James Lanier",5
TN-21040,"Tanja Norvell",5
JM-15250,"Janet Martin",5
JF-15490,"Jeremy Farry",5
GG-14650,"Greg Guthrie",5
MS-17770,"Maxwell Schwartz",5
SC-20380,"Shahid Collister",5
JP-15460,"Jennifer Patt",5
RF-19735,"Roland Fjeld",5
AF-10885,"Art Foster",4
PA-19060,"Pete Armstrong",4
JH-16180,"Justin Hirsh",4
MB-18085,"Mick Brown",4
JR-16210,"Justin Ritter",4
BT-11530,"Bradley Talbott",4
NC-18340,"Nat Carroll",4
LE-16810,"Laurel Elliston",4
AS-10240,"Alan Shonely",4
SS-20590,"Sonia Sunley",4
JS-16030,"Joy Smith",4
TG-21640,"Trudy Glocke",4
JD-16015,"Joy Daniels",4
FH-14365,"Fred Hopkins",4
KB-16240,"Karen Bern",4
MM-18280,"Muhammed MacIntyre",4
DL-13495,"Dionis Lloyd",4
CC-12145,"Charles Crestani",4
LP-17095,"Liz Preis",4
KC-16255,"Karen Carlisle",4
AA-10315,"Alex Avila",4
KN-16705,"Kristina Nunn",4
LS-17200,"Luke Schmidt",4
EJ-13720,"Ed Jacobs",4
MG-17875,"Michael Grace",4
TS-21655,"Trudy Schmidt",4
PP-18955,"Paul Prost",4
BE-11335,"Bill Eplett",4
RE-19450,"Richard Eichhorn",4
SC-20680,"Steve Carroll",4
AR-10510,"Andrew Roberts",4
JH-15910,"Jonathan Howell",4
MA-17995,"Michelle Arnett",4
PT-19090,"Pete Takahito",4
BF-11020,"Barry Französisch",4
TC-20980,"Tamara Chand",4
VG-21790,"Vivek Gonzalez",4
BG-11035,"Barry Gonzalez",4
JS-15880,"John Stevenson",4
ML-17410,"Maris LaWare",4
RM-19375,"Raymond Messe",4
PF-19165,"Philip Fox",4
AT-10435,"Alyssa Tate",4
JW-16075,"Julia West",4
KH-16360,"Katherine Hughes",4
NF-18595,"Nicole Fjeld",4
JE-15475,"Jeremy Ellison",4
CM-12385,"Christopher Martinez",4
BN-11515,"Bradley Nguyen",4
HG-14845,"Harry Greene",4
DO-13645,"Doug O'Connell",4
LS-16945,"Linda Southworth",4
JM-15265,"Janet Molinari",4
RD-19585,"Rob Dowd",4
BP-11155,"Becky Pak",4
AA-10645,"Anna Andreadi",4
CC-12685,"Craig Carroll",4
NP-18685,"Nora Pelletier",4
BD-11725,"Bruce Degenhardt",4
MS-17830,"Melanie Seite",4
DV-13045,"Darrin Van Huff",4
AR-10345,"Alex Russell",4
JH-15430,"Jennifer Halladay",4
CS-12175,"Charles Sheldon",4
PS-18970,"Paul Stevenson",4
BF-10975,"Barbara Fisher",4
TB-21595,"Troy Blackwell",4
BT-11305,"Beth Thompson",4
MZ-17335,"Maria Zettner",4
DW-13585,"Dorothy Wardle",4
SR-20740,"Steven Roelle",4
CS-12490,"Cindy Schnelling",4
TC-21475,"Tony Chapman",4
AG-10525,"Andy Gerbode",4
JC-15775,"John Castell",4
CL-12700,"Craig Leslie",4
TH-21100,"Thea Hendricks",4
LL-16840,"Lauren Leatherbury",4
RB-19570,"Rob Beeghly",4
KH-16690,"Kristen Hastings",4
RW-19690,"Robert Waldorf",4
EH-13990,"Erica Hackney",4
SJ-20215,"Sarah Jordon",4
SW-20455,"Shaun Weien",4
DB-13405,"Denny Blanton",4
BP-11050,"Barry Pond",4
KC-16540,"Kelly Collister",4
TR-21325,"Toby Ritter",4
SC-20020,"Sam Craven",4
CC-12610,"Corey Catlett",4
AJ-10945,"Ashley Jarboe",4
EJ-14155,"Eva Jacobs",4
BD-11620,"Brian DeCherney",4
GD-14590,"Giulietta Dortch",4
HM-14980,"Henry MacAllister",4
SO-20335,"Sean O'Donnell",4
JO-15550,"Jesus Ocampo",4
DW-13480,"Dianna Wilson",4
OT-18730,"Olvera Toch",4
AR-10540,"Andy Reiter",4
PV-18985,"Paul Van Hugh",4
VG-21805,"Vivek Grady",4
AS-10225,"Alan Schoenberger",4
MC-17590,"Matt Collister",4
CV-12295,"Christina VanderZanden",4
RA-19885,"Ruben Ausman",4
BG-11695,"Brooke Gillingham",4
BW-11110,"Bart Watters",4
RP-19855,"Roy Phan",4
LH-17020,"Lisa Hazard",4
EB-14110,"Eugene Barchas",4
CM-12115,"Chad McGuire",4
PF-19225,"Phillip Flathmann",4
AT-10735,"Annie Thurman",4
DB-12910,"Daniel Byrd",4
BM-11575,"Brendan Murry",4
LP-17080,"Liz Pelletier",4
YC-21895,"Yoseph Carroll",4
BB-10990,"Barry Blumstein",4
SW-20275,"Scott Williamson",4
BO-11350,"Bill Overfelt",4
CP-12340,"Christine Phan",4
PM-19135,"Peter McVee",4
DB-13660,"Duane Benoit",4
KN-16450,"Kean Nguyen",4
KW-16435,"Katrina Willman",4
SN-20560,"Skye Norling",4
BD-11770,"Bryan Davis",4
MH-17290,"Marc Harrigan",4
TB-21280,"Toby Braunhardt",4
TT-21460,"Tonja Turnell",4
AR-10405,"Allen Rosenblatt",4
EM-14140,"Eugene Moren",4
BF-11005,"Barry Franz",4
MH-18025,"Michelle Huthwaite",4
BT-11395,"Bill Tyler",4
MW-18220,"Mitch Webber",4
VF-21715,"Vicky Freymann",4
ES-14020,"Erica Smith",4
KD-16345,"Katherine Ducich",4
BV-11245,"Benjamin Venier",4
AG-10675,"Anna Gayman",4
JC-16105,"Julie Creighton",4
EB-13930,"Eric Barreto",4
JW-15955,"Joni Wasserman",4
MM-17260,"Magdelene Morse",4
RP-19270,"Rachel Payne",4
AH-10120,"Adrian Hane",4
CM-12235,"Chris McAfee",4
MO-17500,"Mary O'Rourke",4
DM-12955,"Dario Medina",4
NK-18490,"Neil Knudson",4
LR-17035,"Lisa Ryan",4
ZD-21925,"Zuschuss Donatelli",4
EH-14005,"Erica Hernandez",4
Co-12640,Corey-Lock,4
GA-14515,"George Ashbrook",4
KT-16465,"Kean Takahito",4
LS-17245,"Lynn Smith",4
JM-15865,"John Murray",4
MG-18145,"Mike Gockenbach",4
TB-21190,"Thomas Brumley",4
TT-21220,"Thomas Thornton",4
SP-20545,"Sibella Parks",4
CS-12130,"Chad Sievert",4
MV-17485,"Mark Van Huff",4
LC-16960,"Lindsay Castell",3
DW-13540,"Don Weiss",3
GM-14695,"Greg Maxwell",3
DK-12895,"Dana Kaydos",3
FC-14245,"Frank Carlisle",3
ML-18040,"Michelle Lonsdale",3
GT-14755,"Guy Thornton",3
BW-11200,"Ben Wallace",3
ND-18460,"Neil Ducich",3
EB-14170,"Evan Bailliet",3
SG-20605,"Speros Goranitis",3
AW-10840,"Anthony Witt",3
AH-10465,"Amy Hunt",3
SW-20350,"Sean Wendt",3
DB-13360,"Dennis Bolton",3
HG-15025,"Hunter Glantz",3
TP-21565,"Tracy Poddar",3
DM-13525,"Don Miller",3
TS-21340,"Toby Swindell",3
GB-14575,"Giulietta Baptist",3
CD-11980,"Carol Darley",3
NR-18550,"Nick Radford",3
CS-11860,"Cari Schnelling",3
MH-17440,"Mark Haberlin",3
TB-21355,"Todd Boyes",3
DG-13300,"Deirdre Greer",3
BS-11665,"Brian Stugart",3
MT-17815,"Meg Tillman",3
DW-13195,"David Wiener",3
CH-12070,"Cathy Hwang",3
DJ-13630,"Doug Jacobs",3
AG-10330,"Alex Grayson",3
NC-18625,"Noah Childs",3
AG-10765,"Anthony Garverick",3
EB-13975,"Erica Bern",3
BM-11140,"Becky Martin",3
LO-17170,"Lori Olson",3
AZ-10750,"Annie Zypern",3
RB-19705,"Roger Barcio",3
SK-19990,"Sally Knutson",3
MG-17680,"Maureen Gastineau",3
MR-17545,"Mathew Reese",3
AM-10360,"Alice McCarthy",3
DE-13255,"Deanra Eno",3
RD-19930,"Russell D'Ascenzo",3
BS-11380,"Bill Stewart",3
CG-12040,"Catherine Glotzbach",3
EM-14095,"Eudokia Martin",3
MV-18190,"Mike Vittorini",3
AC-10615,"Ann Chong",3
PB-18805,"Patrick Bzostek",3
JJ-15445,"Jennifer Jackson",3
BF-11215,"Benjamin Farhat",3
JS-15595,"Jill Stevenson",3
MK-18160,"Mike Kennedy",3
RK-19300,"Ralph Kennedy",3
SS-20875,"Sung Shariari",3
RA-19945,"Ryan Akin",3
GW-14605,"Giulietta Weimer",3
CM-12190,"Charlotte Melton",3
JL-15130,"Jack Lebron",3
MD-17860,"Michael Dominguez",3
SV-20815,"Stuart Van",3
MN-17935,"Michael Nguyen",3
HE-14800,"Harold Engle",3
TM-21490,"Tony Molinari",3
Dl-13600,"Dorris liebe",3
CM-12715,"Craig Molinari",3
JF-15415,"Jennifer Ferguson",3
TB-21175,"Thomas Boland",3
DC-13285,"Debra Catini",3
DS-13030,"Darrin Sayre",3
NS-18505,"Neola Schneider",3
BE-11410,"Bobby Elias",3
BF-11080,"Bart Folk",3
JC-15340,"Jasper Cacioppo",3
CL-11890,"Carl Ludwig",3
SS-20515,"Shirley Schmidt",3
JS-15940,"Joni Sundaresam",3
KD-16615,"Ken Dana",3
TG-21310,"Toby Gnade",3
CA-12310,"Christine Abelman",3
VS-21820,"Vivek Sundaresam",3
JK-16090,"Juliana Krohn",3
FH-14350,"Fred Harton",3
KA-16525,"Kelly Andreada",3
CC-12100,"Chad Cunningham",3
CM-12445,"Chuck Magee",3
PJ-19015,"Pauline Johnson",3
TP-21415,"Tom Prescott",3
MG-17695,"Maureen Gnade",3
TA-21385,"Tom Ashbrook",3
RD-19660,"Robert Dilbeck",3
SC-20230,"Scot Coram",3
EM-13810,"Eleni McCrary",3
CS-11845,"Cari Sayre",3
GH-14425,"Gary Hwang",3
BS-11590,"Brendan Sweed",3
JH-15820,"John Huston",3
RH-19495,"Rick Hansen",3
AG-10300,"Aleksandra Gannaway",3
JB-16000,"Joy Bell-",3
SC-20800,"Stuart Calhoun",3
MC-17425,"Mark Cousins",3
SS-20140,"Saphhira Shifley",3
JS-15685,"Jim Sink",3
VP-21730,"Victor Preis",3
CM-11815,"Candace McMahon",3
PF-19120,"Peter Fuller",3
AS-10630,"Ann Steele",3
RS-19420,"Ricardo Sperren",3
NF-18475,"Neil Französisch",3
SJ-20500,"Shirley Jackson",3
KC-16675,"Kimberly Carter",3
AA-10480,"Andrew Allen",3
NP-18670,"Nora Paige",3
AJ-10960,"Astrea Jones",3
CR-12730,"Craig Reiter",3
DD-13570,"Dorothy Dickinson",3
BS-11365,"Bill Shonely",3
AB-10150,"Aimee Bixby",3
CD-12790,"Cynthia Delaney",3
JG-15805,"John Grady",3
EM-14065,"Erin Mull",3
IG-15085,"Ivan Gibson",3
CS-12460,"Chuck Sachs",2
RH-19600,"Rob Haberlin",2
PC-18745,"Pamela Coakley",2
PK-18910,"Paul Knutson",2
CC-12550,"Clay Cheatham",2
SM-20005,"Sally Matthias",2
JM-15580,"Jill Matthias",2
TB-21055,"Ted Butterfield",2
BP-11230,"Benjamin Patterson",2
MS-17530,"MaryBeth Skach",2
KW-16570,"Kelly Williams",2
GH-14485,"Gene Hale",2
AB-10600,"Ann Blume",2
JR-15670,"Jim Radford",2
BT-11440,"Bobby Trafton",2
JB-16045,"Julia Barnett",2
AS-10135,"Adrian Shami",2
GT-14635,"Grant Thornton",2
DK-13150,"David Kendrick",2
BW-11065,"Barry Weirich",2
JD-15790,"John Dryer",2
SG-20080,"Sandra Glassco",2
DA-13450,"Dianna Arnett",2
AH-10195,"Alan Haines",2
SB-20170,"Sarah Bern",2
NL-18310,"Nancy Lomonaco",2
PM-18940,"Paul MacIntyre",2
EL-13735,"Ed Ludwig",2
CR-12820,"Cyra Reiten",2
GM-14440,"Gary McGarr",2
DJ-13420,"Denny Joy",2
AG-10270,"Alejandro Grove",2
JB-15925,"Joni Blumstein",2
LC-17050,"Liz Carlisle",2
ER-13855,"Elpida Rittenbach",2
GP-14740,"Guy Phonely",2
VM-21835,"Vivian Mathis",2
PC-19000,"Pauline Chand",2
MC-17635,"Matthew Clasen",2
CA-11965,"Carol Adams",2
JD-16060,"Julia Dunbar",2
EC-14050,"Erin Creighton",2
SG-20890,"Susan Gilcrest",2
AH-10585,"Angele Hood",2
HH-15010,"Hilary Holden",2
KM-16660,"Khloe Miller",2
KS-16300,"Karen Seio",2
LS-17230,"Lycoris Saunders",2
SM-20320,"Sean Miller",2
CR-12625,"Corey Roper",2
CD-12280,"Christina DeMoss",2
PR-18880,"Patrick Ryan",2
GH-14665,"Greg Hansen",2
MT-18070,"Michelle Tran",2
AC-10420,"Alyssa Crouse",2
TZ-21580,"Tracy Zic",2
AG-10390,"Allen Goldenen",2
LD-17005,"Lisa DeCherney",2
PB-19210,"Phillip Breyer",2
MC-18130,"Mike Caudle",2
DL-13330,"Denise Leinenbach",2
SH-20635,"Stefanie Holloman",2
ME-18010,"Michelle Ellison",2
AB-10015,"Aaron Bergman",2
JG-15115,"Jack Garza",2
DF-13135,"David Flashing",2
DV-13465,"Dianna Vittorini",2
CG-12520,"Claire Gute",2
PB-19105,"Peter Bühler",2
BF-11275,"Beth Fritzler",2
LH-16750,"Larry Hughes",2
RB-19330,"Randy Bradley",2
TH-21115,"Thea Hudgings",2
LM-17065,"Liz MacKendrick",2
AY-10555,"Andy Yotov",2
RB-19645,"Robert Barroso",2
BN-11470,"Brad Norvell",2
JE-16165,"Justin Ellison",2
PL-18925,"Paul Lucas",2
SW-20755,"Steven Ward",2
HJ-14875,"Heather Jas",2
TS-21085,"Thais Sissman",2
TS-21430,"Tom Stivers",2
BD-11635,"Brian Derr",2
MH-17620,"Matt Hagelstein",2
DH-13675,"Duane Huffman",2
BS-11800,"Bryan Spruell",2
